--
-- PostgreSQL database dump
--

-- Dumped from database version 17.5
-- Dumped by pg_dump version 17.5

SET statement_timeout = 0;
SET lock_timeout = 0;
SET idle_in_transaction_session_timeout = 0;
SET transaction_timeout = 0;
SET client_encoding = 'UTF8';
SET standard_conforming_strings = on;
SELECT pg_catalog.set_config('search_path', '', false);
SET check_function_bodies = false;
SET xmloption = content;
SET client_min_messages = warning;
SET row_security = off;

SET default_tablespace = '';

SET default_table_access_method = heap;

--
-- Name: attendance_adminreply; Type: TABLE; Schema: public; Owner: postgres
--

CREATE TABLE public.attendance_adminreply (
    id bigint NOT NULL,
    message text NOT NULL,
    created_at timestamp with time zone NOT NULL,
    updated_at timestamp with time zone NOT NULL,
    admin_id integer NOT NULL,
    report_id bigint NOT NULL,
    is_read boolean NOT NULL
);


ALTER TABLE public.attendance_adminreply OWNER TO postgres;

--
-- Name: attendance_adminreply_id_seq; Type: SEQUENCE; Schema: public; Owner: postgres
--

ALTER TABLE public.attendance_adminreply ALTER COLUMN id ADD GENERATED BY DEFAULT AS IDENTITY (
    SEQUENCE NAME public.attendance_adminreply_id_seq
    START WITH 1
    INCREMENT BY 1
    NO MINVALUE
    NO MAXVALUE
    CACHE 1
);


--
-- Name: attendance_attachment; Type: TABLE; Schema: public; Owner: postgres
--

CREATE TABLE public.attendance_attachment (
    id bigint NOT NULL,
    file character varying(100) NOT NULL,
    uploaded_at timestamp with time zone NOT NULL,
    file_type character varying(50) NOT NULL,
    message_id bigint NOT NULL
);


ALTER TABLE public.attendance_attachment OWNER TO postgres;

--
-- Name: attendance_attachment_id_seq; Type: SEQUENCE; Schema: public; Owner: postgres
--

ALTER TABLE public.attendance_attachment ALTER COLUMN id ADD GENERATED BY DEFAULT AS IDENTITY (
    SEQUENCE NAME public.attendance_attachment_id_seq
    START WITH 1
    INCREMENT BY 1
    NO MINVALUE
    NO MAXVALUE
    CACHE 1
);


--
-- Name: attendance_attendance; Type: TABLE; Schema: public; Owner: postgres
--

CREATE TABLE public.attendance_attendance (
    id bigint NOT NULL,
    date date NOT NULL,
    punch_in timestamp with time zone,
    punch_out timestamp with time zone,
    punch_in_time character varying(20) NOT NULL,
    punch_out_time character varying(20) NOT NULL,
    is_late boolean NOT NULL,
    punch_in_reason character varying(255),
    status character varying(20) NOT NULL,
    hours_worked character varying(20) NOT NULL,
    created_at timestamp with time zone NOT NULL,
    user_id integer NOT NULL,
    punch_in_admin_comment text,
    punch_in_reason_status character varying(20) NOT NULL,
    punch_out_admin_comment text,
    punch_out_reason character varying(255),
    punch_out_reason_status character varying(20) NOT NULL
);


ALTER TABLE public.attendance_attendance OWNER TO postgres;

--
-- Name: attendance_attendance_id_seq; Type: SEQUENCE; Schema: public; Owner: postgres
--

ALTER TABLE public.attendance_attendance ALTER COLUMN id ADD GENERATED BY DEFAULT AS IDENTITY (
    SEQUENCE NAME public.attendance_attendance_id_seq
    START WITH 1
    INCREMENT BY 1
    NO MINVALUE
    NO MAXVALUE
    CACHE 1
);


--
-- Name: attendance_chatgroup; Type: TABLE; Schema: public; Owner: postgres
--

CREATE TABLE public.attendance_chatgroup (
    id bigint NOT NULL,
    name character varying(100) NOT NULL,
    created_at timestamp with time zone NOT NULL,
    group_picture character varying(100),
    is_admin_chat boolean NOT NULL,
    created_by_id bigint NOT NULL
);


ALTER TABLE public.attendance_chatgroup OWNER TO postgres;

--
-- Name: attendance_chatgroup_id_seq; Type: SEQUENCE; Schema: public; Owner: postgres
--

ALTER TABLE public.attendance_chatgroup ALTER COLUMN id ADD GENERATED BY DEFAULT AS IDENTITY (
    SEQUENCE NAME public.attendance_chatgroup_id_seq
    START WITH 1
    INCREMENT BY 1
    NO MINVALUE
    NO MAXVALUE
    CACHE 1
);


--
-- Name: attendance_chatgroup_members; Type: TABLE; Schema: public; Owner: postgres
--

CREATE TABLE public.attendance_chatgroup_members (
    id bigint NOT NULL,
    chatgroup_id bigint NOT NULL,
    customuser_id bigint NOT NULL
);


ALTER TABLE public.attendance_chatgroup_members OWNER TO postgres;

--
-- Name: attendance_chatgroup_members_id_seq; Type: SEQUENCE; Schema: public; Owner: postgres
--

ALTER TABLE public.attendance_chatgroup_members ALTER COLUMN id ADD GENERATED BY DEFAULT AS IDENTITY (
    SEQUENCE NAME public.attendance_chatgroup_members_id_seq
    START WITH 1
    INCREMENT BY 1
    NO MINVALUE
    NO MAXVALUE
    CACHE 1
);


--
-- Name: attendance_chatroom; Type: TABLE; Schema: public; Owner: postgres
--

CREATE TABLE public.attendance_chatroom (
    id bigint NOT NULL,
    created_at timestamp with time zone NOT NULL,
    last_active timestamp with time zone NOT NULL,
    user1_id integer NOT NULL,
    user2_id integer NOT NULL
);


ALTER TABLE public.attendance_chatroom OWNER TO postgres;

--
-- Name: attendance_chatroom_id_seq; Type: SEQUENCE; Schema: public; Owner: postgres
--

ALTER TABLE public.attendance_chatroom ALTER COLUMN id ADD GENERATED BY DEFAULT AS IDENTITY (
    SEQUENCE NAME public.attendance_chatroom_id_seq
    START WITH 1
    INCREMENT BY 1
    NO MINVALUE
    NO MAXVALUE
    CACHE 1
);


--
-- Name: attendance_customuser; Type: TABLE; Schema: public; Owner: postgres
--

CREATE TABLE public.attendance_customuser (
    id bigint NOT NULL,
    password character varying(128) NOT NULL,
    last_login timestamp with time zone,
    is_superuser boolean NOT NULL,
    username character varying(150) NOT NULL,
    first_name character varying(150) NOT NULL,
    last_name character varying(150) NOT NULL,
    email character varying(254) NOT NULL,
    is_staff boolean NOT NULL,
    is_active boolean NOT NULL,
    date_joined timestamp with time zone NOT NULL,
    is_online boolean NOT NULL
);


ALTER TABLE public.attendance_customuser OWNER TO postgres;

--
-- Name: attendance_customuser_groups; Type: TABLE; Schema: public; Owner: postgres
--

CREATE TABLE public.attendance_customuser_groups (
    id bigint NOT NULL,
    customuser_id bigint NOT NULL,
    group_id integer NOT NULL
);


ALTER TABLE public.attendance_customuser_groups OWNER TO postgres;

--
-- Name: attendance_customuser_groups_id_seq; Type: SEQUENCE; Schema: public; Owner: postgres
--

ALTER TABLE public.attendance_customuser_groups ALTER COLUMN id ADD GENERATED BY DEFAULT AS IDENTITY (
    SEQUENCE NAME public.attendance_customuser_groups_id_seq
    START WITH 1
    INCREMENT BY 1
    NO MINVALUE
    NO MAXVALUE
    CACHE 1
);


--
-- Name: attendance_customuser_id_seq; Type: SEQUENCE; Schema: public; Owner: postgres
--

ALTER TABLE public.attendance_customuser ALTER COLUMN id ADD GENERATED BY DEFAULT AS IDENTITY (
    SEQUENCE NAME public.attendance_customuser_id_seq
    START WITH 1
    INCREMENT BY 1
    NO MINVALUE
    NO MAXVALUE
    CACHE 1
);


--
-- Name: attendance_customuser_user_permissions; Type: TABLE; Schema: public; Owner: postgres
--

CREATE TABLE public.attendance_customuser_user_permissions (
    id bigint NOT NULL,
    customuser_id bigint NOT NULL,
    permission_id integer NOT NULL
);


ALTER TABLE public.attendance_customuser_user_permissions OWNER TO postgres;

--
-- Name: attendance_customuser_user_permissions_id_seq; Type: SEQUENCE; Schema: public; Owner: postgres
--

ALTER TABLE public.attendance_customuser_user_permissions ALTER COLUMN id ADD GENERATED BY DEFAULT AS IDENTITY (
    SEQUENCE NAME public.attendance_customuser_user_permissions_id_seq
    START WITH 1
    INCREMENT BY 1
    NO MINVALUE
    NO MAXVALUE
    CACHE 1
);


--
-- Name: attendance_dailyworkreport; Type: TABLE; Schema: public; Owner: postgres
--

CREATE TABLE public.attendance_dailyworkreport (
    id bigint NOT NULL,
    date date NOT NULL,
    work_details text NOT NULL,
    status character varying(20) NOT NULL,
    created_at timestamp with time zone NOT NULL,
    updated_at timestamp with time zone NOT NULL,
    admin_reply text,
    replied_at timestamp with time zone,
    replied_by_id integer,
    user_id integer NOT NULL
);


ALTER TABLE public.attendance_dailyworkreport OWNER TO postgres;

--
-- Name: attendance_dailyworkreport_id_seq; Type: SEQUENCE; Schema: public; Owner: postgres
--

ALTER TABLE public.attendance_dailyworkreport ALTER COLUMN id ADD GENERATED BY DEFAULT AS IDENTITY (
    SEQUENCE NAME public.attendance_dailyworkreport_id_seq
    START WITH 1
    INCREMENT BY 1
    NO MINVALUE
    NO MAXVALUE
    CACHE 1
);


--
-- Name: attendance_employeeprofile; Type: TABLE; Schema: public; Owner: postgres
--

CREATE TABLE public.attendance_employeeprofile (
    id bigint NOT NULL,
    about_me text,
    location character varying(100),
    member_since date NOT NULL,
    language character varying(50) NOT NULL,
    status character varying(20) NOT NULL,
    profile_picture character varying(100),
    admin_chat_id bigint,
    user_id bigint NOT NULL
);


ALTER TABLE public.attendance_employeeprofile OWNER TO postgres;

--
-- Name: attendance_employeeprofile_id_seq; Type: SEQUENCE; Schema: public; Owner: postgres
--

ALTER TABLE public.attendance_employeeprofile ALTER COLUMN id ADD GENERATED BY DEFAULT AS IDENTITY (
    SEQUENCE NAME public.attendance_employeeprofile_id_seq
    START WITH 1
    INCREMENT BY 1
    NO MINVALUE
    NO MAXVALUE
    CACHE 1
);


--
-- Name: attendance_message; Type: TABLE; Schema: public; Owner: postgres
--

CREATE TABLE public.attendance_message (
    id bigint NOT NULL,
    content text NOT NULL,
    "timestamp" timestamp with time zone NOT NULL,
    sender_id bigint NOT NULL,
    is_deleted boolean NOT NULL,
    is_read boolean NOT NULL,
    group_id bigint,
    recipient_id bigint
);


ALTER TABLE public.attendance_message OWNER TO postgres;

--
-- Name: attendance_message_id_seq; Type: SEQUENCE; Schema: public; Owner: postgres
--

ALTER TABLE public.attendance_message ALTER COLUMN id ADD GENERATED BY DEFAULT AS IDENTITY (
    SEQUENCE NAME public.attendance_message_id_seq
    START WITH 1
    INCREMENT BY 1
    NO MINVALUE
    NO MAXVALUE
    CACHE 1
);


--
-- Name: attendance_passwordresettoken; Type: TABLE; Schema: public; Owner: postgres
--

CREATE TABLE public.attendance_passwordresettoken (
    id bigint NOT NULL,
    token character varying(255) NOT NULL,
    created_at timestamp with time zone NOT NULL,
    is_used boolean NOT NULL,
    expires_at timestamp with time zone NOT NULL,
    user_id integer NOT NULL
);


ALTER TABLE public.attendance_passwordresettoken OWNER TO postgres;

--
-- Name: attendance_passwordresettoken_id_seq; Type: SEQUENCE; Schema: public; Owner: postgres
--

ALTER TABLE public.attendance_passwordresettoken ALTER COLUMN id ADD GENERATED BY DEFAULT AS IDENTITY (
    SEQUENCE NAME public.attendance_passwordresettoken_id_seq
    START WITH 1
    INCREMENT BY 1
    NO MINVALUE
    NO MAXVALUE
    CACHE 1
);


--
-- Name: auth_group; Type: TABLE; Schema: public; Owner: postgres
--

CREATE TABLE public.auth_group (
    id integer NOT NULL,
    name character varying(150) NOT NULL
);


ALTER TABLE public.auth_group OWNER TO postgres;

--
-- Name: auth_group_id_seq; Type: SEQUENCE; Schema: public; Owner: postgres
--

ALTER TABLE public.auth_group ALTER COLUMN id ADD GENERATED BY DEFAULT AS IDENTITY (
    SEQUENCE NAME public.auth_group_id_seq
    START WITH 1
    INCREMENT BY 1
    NO MINVALUE
    NO MAXVALUE
    CACHE 1
);


--
-- Name: auth_group_permissions; Type: TABLE; Schema: public; Owner: postgres
--

CREATE TABLE public.auth_group_permissions (
    id bigint NOT NULL,
    group_id integer NOT NULL,
    permission_id integer NOT NULL
);


ALTER TABLE public.auth_group_permissions OWNER TO postgres;

--
-- Name: auth_group_permissions_id_seq; Type: SEQUENCE; Schema: public; Owner: postgres
--

ALTER TABLE public.auth_group_permissions ALTER COLUMN id ADD GENERATED BY DEFAULT AS IDENTITY (
    SEQUENCE NAME public.auth_group_permissions_id_seq
    START WITH 1
    INCREMENT BY 1
    NO MINVALUE
    NO MAXVALUE
    CACHE 1
);


--
-- Name: auth_permission; Type: TABLE; Schema: public; Owner: postgres
--

CREATE TABLE public.auth_permission (
    id integer NOT NULL,
    name character varying(255) NOT NULL,
    content_type_id integer NOT NULL,
    codename character varying(100) NOT NULL
);


ALTER TABLE public.auth_permission OWNER TO postgres;

--
-- Name: auth_permission_id_seq; Type: SEQUENCE; Schema: public; Owner: postgres
--

ALTER TABLE public.auth_permission ALTER COLUMN id ADD GENERATED BY DEFAULT AS IDENTITY (
    SEQUENCE NAME public.auth_permission_id_seq
    START WITH 1
    INCREMENT BY 1
    NO MINVALUE
    NO MAXVALUE
    CACHE 1
);


--
-- Name: auth_user; Type: TABLE; Schema: public; Owner: postgres
--

CREATE TABLE public.auth_user (
    id integer NOT NULL,
    password character varying(128) NOT NULL,
    last_login timestamp with time zone,
    is_superuser boolean NOT NULL,
    username character varying(150) NOT NULL,
    first_name character varying(150) NOT NULL,
    last_name character varying(150) NOT NULL,
    email character varying(254) NOT NULL,
    is_staff boolean NOT NULL,
    is_active boolean NOT NULL,
    date_joined timestamp with time zone NOT NULL
);


ALTER TABLE public.auth_user OWNER TO postgres;

--
-- Name: auth_user_groups; Type: TABLE; Schema: public; Owner: postgres
--

CREATE TABLE public.auth_user_groups (
    id bigint NOT NULL,
    user_id integer NOT NULL,
    group_id integer NOT NULL
);


ALTER TABLE public.auth_user_groups OWNER TO postgres;

--
-- Name: auth_user_groups_id_seq; Type: SEQUENCE; Schema: public; Owner: postgres
--

ALTER TABLE public.auth_user_groups ALTER COLUMN id ADD GENERATED BY DEFAULT AS IDENTITY (
    SEQUENCE NAME public.auth_user_groups_id_seq
    START WITH 1
    INCREMENT BY 1
    NO MINVALUE
    NO MAXVALUE
    CACHE 1
);


--
-- Name: auth_user_id_seq; Type: SEQUENCE; Schema: public; Owner: postgres
--

ALTER TABLE public.auth_user ALTER COLUMN id ADD GENERATED BY DEFAULT AS IDENTITY (
    SEQUENCE NAME public.auth_user_id_seq
    START WITH 1
    INCREMENT BY 1
    NO MINVALUE
    NO MAXVALUE
    CACHE 1
);


--
-- Name: auth_user_user_permissions; Type: TABLE; Schema: public; Owner: postgres
--

CREATE TABLE public.auth_user_user_permissions (
    id bigint NOT NULL,
    user_id integer NOT NULL,
    permission_id integer NOT NULL
);


ALTER TABLE public.auth_user_user_permissions OWNER TO postgres;

--
-- Name: auth_user_user_permissions_id_seq; Type: SEQUENCE; Schema: public; Owner: postgres
--

ALTER TABLE public.auth_user_user_permissions ALTER COLUMN id ADD GENERATED BY DEFAULT AS IDENTITY (
    SEQUENCE NAME public.auth_user_user_permissions_id_seq
    START WITH 1
    INCREMENT BY 1
    NO MINVALUE
    NO MAXVALUE
    CACHE 1
);


--
-- Name: django_admin_log; Type: TABLE; Schema: public; Owner: postgres
--

CREATE TABLE public.django_admin_log (
    id integer NOT NULL,
    action_time timestamp with time zone NOT NULL,
    object_id text,
    object_repr character varying(200) NOT NULL,
    action_flag smallint NOT NULL,
    change_message text NOT NULL,
    content_type_id integer,
    user_id integer NOT NULL,
    CONSTRAINT django_admin_log_action_flag_check CHECK ((action_flag >= 0))
);


ALTER TABLE public.django_admin_log OWNER TO postgres;

--
-- Name: django_admin_log_id_seq; Type: SEQUENCE; Schema: public; Owner: postgres
--

ALTER TABLE public.django_admin_log ALTER COLUMN id ADD GENERATED BY DEFAULT AS IDENTITY (
    SEQUENCE NAME public.django_admin_log_id_seq
    START WITH 1
    INCREMENT BY 1
    NO MINVALUE
    NO MAXVALUE
    CACHE 1
);


--
-- Name: django_content_type; Type: TABLE; Schema: public; Owner: postgres
--

CREATE TABLE public.django_content_type (
    id integer NOT NULL,
    app_label character varying(100) NOT NULL,
    model character varying(100) NOT NULL
);


ALTER TABLE public.django_content_type OWNER TO postgres;

--
-- Name: django_content_type_id_seq; Type: SEQUENCE; Schema: public; Owner: postgres
--

ALTER TABLE public.django_content_type ALTER COLUMN id ADD GENERATED BY DEFAULT AS IDENTITY (
    SEQUENCE NAME public.django_content_type_id_seq
    START WITH 1
    INCREMENT BY 1
    NO MINVALUE
    NO MAXVALUE
    CACHE 1
);


--
-- Name: django_migrations; Type: TABLE; Schema: public; Owner: postgres
--

CREATE TABLE public.django_migrations (
    id bigint NOT NULL,
    app character varying(255) NOT NULL,
    name character varying(255) NOT NULL,
    applied timestamp with time zone NOT NULL
);


ALTER TABLE public.django_migrations OWNER TO postgres;

--
-- Name: django_migrations_id_seq; Type: SEQUENCE; Schema: public; Owner: postgres
--

ALTER TABLE public.django_migrations ALTER COLUMN id ADD GENERATED BY DEFAULT AS IDENTITY (
    SEQUENCE NAME public.django_migrations_id_seq
    START WITH 1
    INCREMENT BY 1
    NO MINVALUE
    NO MAXVALUE
    CACHE 1
);


--
-- Name: django_session; Type: TABLE; Schema: public; Owner: postgres
--

CREATE TABLE public.django_session (
    session_key character varying(40) NOT NULL,
    session_data text NOT NULL,
    expire_date timestamp with time zone NOT NULL
);


ALTER TABLE public.django_session OWNER TO postgres;

--
-- Data for Name: attendance_adminreply; Type: TABLE DATA; Schema: public; Owner: postgres
--

COPY public.attendance_adminreply (id, message, created_at, updated_at, admin_id, report_id, is_read) FROM stdin;
1	received	2025-07-17 17:20:54.428525+05:30	2025-07-17 17:20:54.428554+05:30	96	22	f
2	you are late	2025-07-17 17:21:49.704789+05:30	2025-07-17 17:21:49.704814+05:30	96	22	f
3	received	2025-07-17 17:37:51.237885+05:30	2025-07-17 17:37:51.237942+05:30	96	23	f
4	admin reply	2025-07-18 11:39:47.237322+05:30	2025-07-18 11:39:47.237334+05:30	96	28	f
5	hello	2025-07-18 11:43:15.037953+05:30	2025-07-18 11:43:15.037965+05:30	96	28	f
6	received	2025-07-18 11:45:39.125949+05:30	2025-07-18 11:45:39.125962+05:30	96	28	f
\.


--
-- Data for Name: attendance_attachment; Type: TABLE DATA; Schema: public; Owner: postgres
--

COPY public.attendance_attachment (id, file, uploaded_at, file_type, message_id) FROM stdin;
\.


--
-- Data for Name: attendance_attendance; Type: TABLE DATA; Schema: public; Owner: postgres
--

COPY public.attendance_attendance (id, date, punch_in, punch_out, punch_in_time, punch_out_time, is_late, punch_in_reason, status, hours_worked, created_at, user_id, punch_in_admin_comment, punch_in_reason_status, punch_out_admin_comment, punch_out_reason, punch_out_reason_status) FROM stdin;
1	2025-07-11	2025-07-11 09:27:31.66208+05:30	2025-07-11 09:28:08.486661+05:30	03:57 AM	09:28 AM	f	test	Left Early	0h 0m	2025-07-11 09:27:31.671788+05:30	83	\N	pending	\N	\N	pending
2	2025-07-11	2025-07-11 09:37:41.403727+05:30	2025-07-11 09:39:28.879221+05:30	04:07 AM	09:39 AM	f	late	Left Early	0h 1m	2025-07-11 09:37:41.408181+05:30	41	\N	pending	\N	\N	pending
3	2025-07-11	2025-07-11 10:05:47.197762+05:30	2025-07-11 10:06:03.350056+05:30	04:35 AM	10:06 AM	f	hii	Left Early	0h 0m	2025-07-11 10:05:47.205896+05:30	85	\N	pending	\N	\N	pending
4	2025-07-11	2025-07-11 11:03:07.803397+05:30	2025-07-11 11:04:09.349871+05:30	05:33 AM	11:04 AM	f	early	Left Early	0h 1m	2025-07-11 11:03:07.81614+05:30	94	\N	pending	\N	\N	pending
5	2025-07-11	2025-07-11 23:04:44.150904+05:30	2025-07-11 23:06:25.112604+05:30	05:34 PM	11:06 PM	f		Full Day	0h 1m	2025-07-11 23:04:44.160863+05:30	14	\N	pending	\N	\N	pending
6	2025-07-11	2025-07-11 23:11:57.316064+05:30	\N	11:11 PM		f	hello	Late	0h 0m	2025-07-11 23:11:57.324113+05:30	13	\N	pending	\N	\N	pending
7	2025-07-11	2025-07-11 23:13:52.280971+05:30	2025-07-11 23:14:52.834348+05:30	05:43 PM	11:14 PM	f		Full Day	0h 1m	2025-07-11 23:13:52.283554+05:30	96	\N	pending	\N	\N	pending
8	2025-07-11	2025-07-11 23:26:04.581312+05:30	2025-07-11 23:35:00.572554+05:30	05:56 PM	11:35 PM	f		Full Day	0h 8m	2025-07-11 23:26:04.597388+05:30	12	\N	pending	\N	\N	pending
9	2025-07-12	2025-07-12 00:06:23.18382+05:30	2025-07-12 00:06:47.934356+05:30	06:36 PM	12:06 AM	f	hh	Left Early	0h 0m	2025-07-12 00:06:23.187509+05:30	83	\N	pending	\N	\N	pending
11	2025-07-13	2025-07-13 17:34:16.764072+05:30	2025-07-13 17:41:10.135848+05:30	05:34 PM	05:41 PM	f	early	Present	0h 6m	2025-07-13 17:34:16.790132+05:30	89	\N	pending	\N	\N	pending
12	2025-07-13	2025-07-13 17:45:43.633974+05:30	2025-07-13 17:50:17.232211+05:30	05:45 PM	05:50 PM	f	RRR	Present	0h 4m	2025-07-13 17:45:43.640709+05:30	83	\N	pending	\N	\N	pending
13	2025-07-14	2025-07-14 14:00:01.162414+05:30	2025-07-14 14:05:52.941106+05:30	02:00 PM	02:05 PM	f	early	Present	0h 5m	2025-07-14 14:00:01.173804+05:30	83	\N	pending	\N	\N	pending
14	2025-07-15	2025-07-15 00:04:58.092005+05:30	2025-07-15 00:06:21.538211+05:30	12:04 AM	12:06 AM	f	vv	Present	0h 1m	2025-07-15 00:04:58.095299+05:30	83	\N	pending	\N	\N	pending
15	2025-07-15	2025-07-15 00:06:56.827397+05:30	2025-07-15 00:09:35.64108+05:30	12:06 AM	12:09 AM	f	early	Present	0h 2m	2025-07-15 00:06:56.83017+05:30	41	\N	pending	\N	\N	pending
16	2025-07-15	2025-07-15 00:17:46.679395+05:30	2025-07-15 00:20:06.140464+05:30	12:17 AM	12:20 AM	f	gggggg	Present	0h 2m	2025-07-15 00:17:46.682073+05:30	1	\N	pending	\N	\N	pending
17	2025-07-15	2025-07-15 13:01:09.584652+05:30	2025-07-15 13:03:56.55974+05:30	01:01 PM	01:03 PM	f	demmm	Present	0h 2m	2025-07-15 13:01:09.58757+05:30	19	\N	pending	\N	\N	pending
18	2025-07-15	2025-07-15 13:07:03.667516+05:30	2025-07-15 13:09:49.605398+05:30	01:07 PM	01:09 PM	f	JAY	Present	0h 2m	2025-07-15 13:07:03.674184+05:30	21	\N	pending	\N	\N	pending
19	2025-07-15	2025-07-15 15:11:39.388085+05:30	2025-07-15 15:21:00.032238+05:30	03:11 PM	03:21 PM	f	early	Present	0h 9m	2025-07-15 15:11:39.399391+05:30	10	\N	pending	\N	\N	pending
25	2025-07-17	2025-07-17 10:43:24.665332+05:30	2025-07-17 10:52:14.689821+05:30	10:43 AM	10:52 AM	f	i'm late	Present	0h 8m	2025-07-17 10:43:24.671661+05:30	83	\N	pending	\N	late	pending
20	2025-07-16	2025-07-16 10:48:56.355389+05:30	2025-07-16 10:55:22.776235+05:30	10:48 AM	10:55 AM	f	I'm late due to the traffic and rain is heavy all roads are blocked no way to pass it	Present	0h 6m	2025-07-16 10:48:56.359242+05:30	83	\N	approved	\N	I'm going to home due to personal issue	approved
26	2025-07-17	2025-07-17 11:46:29.745974+05:30	2025-07-17 11:49:12.307336+05:30	11:46 AM	11:49 AM	f	late aruna	Present	0h 2m	2025-07-17 11:46:29.754499+05:30	53	\N	pending	\N	early	pending
21	2025-07-16	2025-07-16 11:06:02.871151+05:30	2025-07-16 11:11:10.835146+05:30	11:06 AM	11:11 AM	f	I'm here for work	Present	0h 5m	2025-07-16 11:06:02.8741+05:30	41	\N	rejected	\N	going out	rejected
22	2025-07-16	2025-07-16 12:12:14.610823+05:30	2025-07-16 12:14:35.071764+05:30	12:12 PM	12:14 PM	f	Early in the morning i was late	Present	0h 2m	2025-07-16 12:12:14.620273+05:30	97	\N	approved	\N	going early	rejected
27	2025-07-17	2025-07-17 17:14:53.152035+05:30	2025-07-17 17:18:17.533893+05:30	05:14 PM	05:18 PM	f	Sai late	Present	0h 3m	2025-07-17 17:14:53.158878+05:30	1	\N	approved	\N	sai early	approved
23	2025-07-16	2025-07-16 15:55:01.251637+05:30	2025-07-16 15:58:47.741578+05:30	03:55 PM	03:58 PM	f	i'm late	Present	0h 3m	2025-07-16 15:55:01.26397+05:30	53	\N	approved	\N	i'm going out	approved
24	2025-07-17	2025-07-17 10:14:55.706535+05:30	2025-07-17 10:19:08.674243+05:30	10:14 AM	10:19 AM	f	i'm late to the office	Present	0h 4m	2025-07-17 10:14:55.717219+05:30	41	\N	pending	\N	early	pending
33	2025-07-18	2025-07-18 11:37:08.343774+05:30	2025-07-18 11:41:50.491136+05:30	11:37 AM	11:41 AM	f	hii	Present	0h 4m	2025-07-18 11:37:08.351778+05:30	53	\N	approved	\N	early	approved
28	2025-07-17	2025-07-17 17:33:50.510635+05:30	2025-07-17 17:36:15.503839+05:30	05:33 PM	05:36 PM	f	bandi late	Present	0h 2m	2025-07-17 17:33:50.521589+05:30	8	\N	approved	\N	bandi early	approved
38	2025-07-31	2025-07-31 10:49:22.803074+05:30	2025-07-31 12:45:49.96202+05:30	10:49 AM	12:45 PM	f	I'm late	Present	1h 56m	2025-07-31 10:49:22.810734+05:30	83	\N	approved	\N	e	approved
29	2025-07-17	2025-07-17 17:55:53.569611+05:30	2025-07-17 17:57:44.335154+05:30	05:55 PM	05:57 PM	f	admin late	Present	0h 1m	2025-07-17 17:55:53.578391+05:30	97	\N	approved	\N	admin early	approved
34	2025-07-18	2025-07-18 11:53:27.235606+05:30	2025-07-18 11:56:24.89922+05:30	11:53 AM	11:56 AM	f	Hi bandi	Present	0h 2m	2025-07-18 11:53:27.238904+05:30	8	\N	approved	\N	bye	approved
30	2025-07-17	2025-07-17 18:03:46.636102+05:30	2025-07-17 18:06:21.350273+05:30	06:03 PM	06:06 PM	f	bargavi late	Present	0h 2m	2025-07-17 18:03:46.644892+05:30	55	\N	approved	\N	early going	approved
31	2025-07-18	2025-07-18 10:03:58.910366+05:30	2025-07-18 10:05:28.354545+05:30	10:03 AM	10:05 AM	f	I'm late vinod	Present	0h 1m	2025-07-18 10:03:58.913531+05:30	83	\N	approved	\N	going early	approved
35	2025-07-21	2025-07-21 22:28:59.207003+05:30	2025-07-21 22:34:37.111287+05:30	10:28 PM	10:34 PM	f	early	Present	0h 5m	2025-07-21 22:28:59.220063+05:30	83	\N	approved	\N	late	approved
32	2025-07-18	2025-07-18 10:25:07.470538+05:30	2025-07-18 10:26:25.415218+05:30	10:25 AM	10:26 AM	f	late to the office	Present	0h 1m	2025-07-18 10:25:07.473466+05:30	41	\N	approved	\N	going early	approved
36	2025-07-22	2025-07-22 13:03:57.120834+05:30	2025-07-22 13:06:15.784+05:30	01:03 PM	01:06 PM	f	late adesh	Present	0h 2m	2025-07-22 13:03:57.135088+05:30	41	\N	approved	\N	going early	approved
37	2025-07-22	2025-07-22 16:15:24.358762+05:30	2025-07-22 16:18:32.142095+05:30	04:15 PM	04:18 PM	f	hi	Present	0h 3m	2025-07-22 16:15:24.369714+05:30	83	\N	approved	\N	going out	rejected
\.


--
-- Data for Name: attendance_chatgroup; Type: TABLE DATA; Schema: public; Owner: postgres
--

COPY public.attendance_chatgroup (id, name, created_at, group_picture, is_admin_chat, created_by_id) FROM stdin;
\.


--
-- Data for Name: attendance_chatgroup_members; Type: TABLE DATA; Schema: public; Owner: postgres
--

COPY public.attendance_chatgroup_members (id, chatgroup_id, customuser_id) FROM stdin;
\.


--
-- Data for Name: attendance_chatroom; Type: TABLE DATA; Schema: public; Owner: postgres
--

COPY public.attendance_chatroom (id, created_at, last_active, user1_id, user2_id) FROM stdin;
6	2025-07-22 13:07:23.539025+05:30	2025-07-22 13:07:23.539041+05:30	1	1
\.


--
-- Data for Name: attendance_customuser; Type: TABLE DATA; Schema: public; Owner: postgres
--

COPY public.attendance_customuser (id, password, last_login, is_superuser, username, first_name, last_name, email, is_staff, is_active, date_joined, is_online) FROM stdin;
\.


--
-- Data for Name: attendance_customuser_groups; Type: TABLE DATA; Schema: public; Owner: postgres
--

COPY public.attendance_customuser_groups (id, customuser_id, group_id) FROM stdin;
\.


--
-- Data for Name: attendance_customuser_user_permissions; Type: TABLE DATA; Schema: public; Owner: postgres
--

COPY public.attendance_customuser_user_permissions (id, customuser_id, permission_id) FROM stdin;
\.


--
-- Data for Name: attendance_dailyworkreport; Type: TABLE DATA; Schema: public; Owner: postgres
--

COPY public.attendance_dailyworkreport (id, date, work_details, status, created_at, updated_at, admin_reply, replied_at, replied_by_id, user_id) FROM stdin;
1	2025-07-08	test	sent	2025-07-08 15:55:43.177604+05:30	2025-07-08 15:55:43.177613+05:30	\N	\N	\N	1
2	2025-07-10	hii	sent	2025-07-10 12:54:50.079838+05:30	2025-07-10 12:54:50.079849+05:30	\N	\N	\N	1
3	2025-07-11	hii	sent	2025-07-11 09:29:21.33171+05:30	2025-07-11 09:29:21.331731+05:30	\N	\N	\N	83
4	2025-07-11	hiii	sent	2025-07-11 09:40:58.795181+05:30	2025-07-11 09:40:58.795254+05:30	\N	\N	\N	41
6	2025-07-11	report by me	sent	2025-07-11 23:07:16.135688+05:30	2025-07-11 23:10:17.824414+05:30	need to check	2025-07-11 23:10:17.822104+05:30	\N	14
5	2025-07-11	report	sent	2025-07-11 11:05:23.769317+05:30	2025-07-11 23:18:57.869184+05:30	received	2025-07-11 23:18:57.868145+05:30	\N	96
7	2025-07-11	hello	sent	2025-07-11 23:37:16.221577+05:30	2025-07-11 23:37:16.221588+05:30	\N	\N	\N	12
8	2025-07-13	today report	sent	2025-07-13 16:51:27.900731+05:30	2025-07-13 16:53:24.3224+05:30	got it	2025-07-13 16:53:24.317341+05:30	\N	83
9	2025-07-13	daily report	sent	2025-07-13 17:42:11.750202+05:30	2025-07-13 17:42:40.957228+05:30	received	2025-07-13 17:42:40.947846+05:30	\N	89
10	2025-07-14	daily report	sent	2025-07-14 14:04:29.322131+05:30	2025-07-14 14:05:28.858645+05:30	i received report	2025-07-14 14:05:28.850923+05:30	\N	83
12	2025-07-14	got it	sent	2025-07-15 00:18:42.969976+05:30	2025-07-15 00:18:42.969987+05:30	\N	\N	\N	1
11	2025-07-14	today	sent	2025-07-15 00:08:45.883283+05:30	2025-07-15 00:19:31.664791+05:30	okkk	2025-07-15 00:19:31.663838+05:30	\N	41
13	2025-07-15	report 1	sent	2025-07-15 13:02:46.182553+05:30	2025-07-15 13:03:14.061718+05:30	received	2025-07-15 13:03:14.060694+05:30	\N	19
14	2025-07-15	JAYSHAKAR	sent	2025-07-15 13:08:52.460377+05:30	2025-07-15 13:09:29.452145+05:30	recievd	2025-07-15 13:09:29.450938+05:30	\N	21
15	2025-07-16	my daily report	sent	2025-07-16 11:02:03.937391+05:30	2025-07-16 11:02:03.937402+05:30	\N	\N	\N	83
16	2025-07-16	my daily report	sent	2025-07-16 11:09:13.060399+05:30	2025-07-16 11:09:13.060409+05:30	\N	\N	\N	41
17	2025-07-16	my daily report is here	sent	2025-07-16 12:13:50.779582+05:30	2025-07-16 12:13:50.779599+05:30	\N	\N	\N	97
18	2025-07-16	my daily report	sent	2025-07-16 16:01:18.678195+05:30	2025-07-16 16:01:18.678264+05:30	\N	\N	\N	53
19	2025-07-17	My daily report	sent	2025-07-17 10:23:54.281233+05:30	2025-07-17 10:23:54.281297+05:30	\N	\N	\N	41
20	2025-07-17	report	sent	2025-07-17 10:51:12.370557+05:30	2025-07-17 10:51:12.370653+05:30	\N	\N	\N	83
21	2025-07-17	report	sent	2025-07-17 11:48:05.168023+05:30	2025-07-17 11:48:05.168115+05:30	\N	\N	\N	53
22	2025-07-17	my report	sent	2025-07-17 17:20:26.628371+05:30	2025-07-17 17:21:49.711937+05:30	\N	\N	\N	1
23	2025-07-17	my report	sent	2025-07-17 17:37:29.197003+05:30	2025-07-17 17:37:51.253699+05:30	\N	\N	\N	8
24	2025-07-17	my today report	sent	2025-07-17 17:56:43.99591+05:30	2025-07-17 17:57:14.848888+05:30	received	2025-07-17 17:57:14.848805+05:30	96	97
25	2025-07-17	my report	sent	2025-07-17 18:08:29.667626+05:30	2025-07-17 18:08:52.367678+05:30	recived	2025-07-17 18:08:52.36759+05:30	96	55
26	2025-07-18	my daily report	sent	2025-07-18 10:05:59.616482+05:30	2025-07-18 10:06:59.734648+05:30	received	2025-07-18 10:06:59.734557+05:30	96	83
27	2025-07-18	today report	sent	2025-07-18 10:27:40.748369+05:30	2025-07-18 10:37:11.236684+05:30	i have received	2025-07-18 10:37:11.236526+05:30	96	41
28	2025-07-18	Today report	sent	2025-07-18 11:38:28.638025+05:30	2025-07-18 11:45:39.130431+05:30	\N	\N	\N	53
29	2025-07-18	HHH my report	sent	2025-07-18 11:54:57.074912+05:30	2025-07-18 11:55:45.145693+05:30	report received	2025-07-18 11:55:45.145606+05:30	96	8
30	2025-07-21	report	sent	2025-07-21 22:32:51.384242+05:30	2025-07-21 22:33:58.479377+05:30	received	2025-07-21 22:33:58.479066+05:30	96	83
31	2025-07-22	daily report today	sent	2025-07-22 13:05:07.995063+05:30	2025-07-22 13:05:27.382275+05:30	receivedd	2025-07-22 13:05:27.382142+05:30	96	41
32	2025-07-22	My daily report	sent	2025-07-22 16:17:18.539996+05:30	2025-07-22 16:20:27.18417+05:30	late	2025-07-22 16:20:27.183901+05:30	96	83
33	2025-07-31	My todays report	sent	2025-07-31 13:47:38.465127+05:30	2025-07-31 13:48:01.987918+05:30	I have received	2025-07-31 13:48:01.987591+05:30	96	83
\.


--
-- Data for Name: attendance_employeeprofile; Type: TABLE DATA; Schema: public; Owner: postgres
--

COPY public.attendance_employeeprofile (id, about_me, location, member_since, language, status, profile_picture, admin_chat_id, user_id) FROM stdin;
\.


--
-- Data for Name: attendance_message; Type: TABLE DATA; Schema: public; Owner: postgres
--

COPY public.attendance_message (id, content, "timestamp", sender_id, is_deleted, is_read, group_id, recipient_id) FROM stdin;
\.


--
-- Data for Name: attendance_passwordresettoken; Type: TABLE DATA; Schema: public; Owner: postgres
--

COPY public.attendance_passwordresettoken (id, token, created_at, is_used, expires_at, user_id) FROM stdin;
10	r9sdAzoNalzE5hF332R4LiJTUSuUUmheIUkzTbKQs9HrafDX	2025-07-18 13:28:48.057267+05:30	f	2025-07-19 13:28:48.057052+05:30	53
13	AEV3nPuecPewaWzkZaHAMMlkZ6Fs4X8npuMGyxkxFw834qdM	2025-07-22 13:01:19.652395+05:30	t	2025-07-23 13:01:19.65183+05:30	83
\.


--
-- Data for Name: auth_group; Type: TABLE DATA; Schema: public; Owner: postgres
--

COPY public.auth_group (id, name) FROM stdin;
\.


--
-- Data for Name: auth_group_permissions; Type: TABLE DATA; Schema: public; Owner: postgres
--

COPY public.auth_group_permissions (id, group_id, permission_id) FROM stdin;
\.


--
-- Data for Name: auth_permission; Type: TABLE DATA; Schema: public; Owner: postgres
--

COPY public.auth_permission (id, name, content_type_id, codename) FROM stdin;
1	Can add log entry	1	add_logentry
2	Can change log entry	1	change_logentry
3	Can delete log entry	1	delete_logentry
4	Can view log entry	1	view_logentry
5	Can add permission	2	add_permission
6	Can change permission	2	change_permission
7	Can delete permission	2	delete_permission
8	Can view permission	2	view_permission
9	Can add group	3	add_group
10	Can change group	3	change_group
11	Can delete group	3	delete_group
12	Can view group	3	view_group
13	Can add user	4	add_user
14	Can change user	4	change_user
15	Can delete user	4	delete_user
16	Can view user	4	view_user
17	Can add content type	5	add_contenttype
18	Can change content type	5	change_contenttype
19	Can delete content type	5	delete_contenttype
20	Can view content type	5	view_contenttype
21	Can add session	6	add_session
22	Can change session	6	change_session
23	Can delete session	6	delete_session
24	Can view session	6	view_session
25	Can add employee	7	add_employee
26	Can change employee	7	change_employee
27	Can delete employee	7	delete_employee
28	Can view employee	7	view_employee
29	Can add Attendance Log	8	add_attendancelog
30	Can change Attendance Log	8	change_attendancelog
31	Can delete Attendance Log	8	delete_attendancelog
32	Can view Attendance Log	8	view_attendancelog
33	Can add late login reason	9	add_lateloginreason
34	Can change late login reason	9	change_lateloginreason
35	Can delete late login reason	9	delete_lateloginreason
36	Can view late login reason	9	view_lateloginreason
37	Can add daily work report	10	add_dailyworkreport
38	Can change daily work report	10	change_dailyworkreport
39	Can delete daily work report	10	delete_dailyworkreport
40	Can view daily work report	10	view_dailyworkreport
41	Can add admin reply	11	add_adminreply
42	Can change admin reply	11	change_adminreply
43	Can delete admin reply	11	delete_adminreply
44	Can view admin reply	11	view_adminreply
45	Can add chat room	12	add_chatroom
46	Can change chat room	12	change_chatroom
47	Can delete chat room	12	delete_chatroom
48	Can view chat room	12	view_chatroom
49	Can add message	13	add_message
50	Can change message	13	change_message
51	Can delete message	13	delete_message
52	Can view message	13	view_message
53	Can add user status	14	add_userstatus
54	Can change user status	14	change_userstatus
55	Can delete user status	14	delete_userstatus
56	Can view user status	14	view_userstatus
57	Can add punch in out	15	add_punchinout
58	Can change punch in out	15	change_punchinout
59	Can delete punch in out	15	delete_punchinout
60	Can view punch in out	15	view_punchinout
61	Can add password reset token	16	add_passwordresettoken
62	Can change password reset token	16	change_passwordresettoken
63	Can delete password reset token	16	delete_passwordresettoken
64	Can view password reset token	16	view_passwordresettoken
65	Can add message read receipt	17	add_messagereadreceipt
66	Can change message read receipt	17	change_messagereadreceipt
67	Can delete message read receipt	17	delete_messagereadreceipt
68	Can view message read receipt	17	view_messagereadreceipt
69	Can add user mention	18	add_usermention
70	Can change user mention	18	change_usermention
71	Can delete user mention	18	delete_usermention
72	Can view user mention	18	view_usermention
73	Can add Attendance Record	19	add_attendancepunchinout
74	Can change Attendance Record	19	change_attendancepunchinout
75	Can delete Attendance Record	19	delete_attendancepunchinout
76	Can view Attendance Record	19	view_attendancepunchinout
77	Can add attendance	20	add_attendance
78	Can change attendance	20	change_attendance
79	Can delete attendance	20	delete_attendance
80	Can view attendance	20	view_attendance
81	Can add attendance reason approval	21	add_attendancereasonapproval
82	Can change attendance reason approval	21	change_attendancereasonapproval
83	Can delete attendance reason approval	21	delete_attendancereasonapproval
84	Can view attendance reason approval	21	view_attendancereasonapproval
85	Can add attachment	22	add_attachment
86	Can change attachment	22	change_attachment
87	Can delete attachment	22	delete_attachment
88	Can view attachment	22	view_attachment
89	Can add chat group	23	add_chatgroup
90	Can change chat group	23	change_chatgroup
91	Can delete chat group	23	delete_chatgroup
92	Can view chat group	23	view_chatgroup
93	Can add user	24	add_customuser
94	Can change user	24	change_customuser
95	Can delete user	24	delete_customuser
96	Can view user	24	view_customuser
97	Can add employee profile	25	add_employeeprofile
98	Can change employee profile	25	change_employeeprofile
99	Can delete employee profile	25	delete_employeeprofile
100	Can view employee profile	25	view_employeeprofile
\.


--
-- Data for Name: auth_user; Type: TABLE DATA; Schema: public; Owner: postgres
--

COPY public.auth_user (id, password, last_login, is_superuser, username, first_name, last_name, email, is_staff, is_active, date_joined) FROM stdin;
1	pbkdf2_sha256$600000$psqP1ObM30oNpuwGbAXR8F$o51HaXjf2tBOx9tjrnhru7/q4BMisdK/yHhFsq1Q8UQ=	\N	f	a.saishankar	Aedavelli	Sai Shankar	a.saishankar@innovatorstech.com	f	t	2025-07-08 12:20:16.819861+05:30
2	pbkdf2_sha256$600000$OFjbGN4ELZGan7RvUc8W7h$uXj7XGpXswnZh8rAwJZmu0HvbSy/wlMTcS/M6rMWhsI=	\N	f	shaik.khajashareff	Shaik	Khaja Shareef	shaik.khajashareff@innovatorstech.com	f	t	2025-07-08 12:20:18.922845+05:30
3	pbkdf2_sha256$600000$xMEtQkNq2C1fqLzFayjAbz$lrbqAcCc08FytQvjP8hNvEvsPSCMOPc4mDvLNvOvNDg=	\N	f	reddi.prasad	Vootukuru	Reddiprasad	reddi.prasad@innovatorstech.com	f	t	2025-07-08 12:20:21.09803+05:30
4	pbkdf2_sha256$600000$x0aZHXJUTre19HCTRANHwX$KEieCOClw1Mqm7ab1pEhDY/WHqvvQl5gZeSL3CGYjrI=	\N	f	kavitha	Kavitha		kavitha@innovatorstech.com	f	t	2025-07-08 12:20:22.576237+05:30
5	pbkdf2_sha256$600000$vCAOk6lgIG7JldaeyECdMs$EYWXsMk71sMOudtDAPmbixOpbcxm+14vfXTS80I72Ek=	\N	f	polireddy	Polireddy	Kukkala	polireddy@innovatorstech.com	f	t	2025-07-08 12:20:24.970852+05:30
6	pbkdf2_sha256$600000$WMaL86Is6cdnWz2hRB270J$LXaL26pxzms4osqoHpmmKotXE8f4ae/mRJQzmgZDYUU=	\N	f	pradeep	Pathloth	Pradeep	pradeep@innovatorstech.com	f	t	2025-07-08 12:20:27.357597+05:30
7	pbkdf2_sha256$600000$Yt0yk3j90QjOEwTEZly0s7$Ptk6gjrxTEOkTPHxYSPXF0zoVrpJGEFFXM83PB8XByw=	\N	f	devendar	Nenavath	Devender	devendar@innovatorstech.com	f	t	2025-07-08 12:20:29.780551+05:30
8	pbkdf2_sha256$600000$gIKIHotF1iysNbW1GiluT1$Us/FQSHn43l/P8d4xM0CxCrn3+nyDLXOH7V9cFtyQMM=	\N	f	sarvani	Bandi	Sarvani	sarvani@innovatorstech.com	f	t	2025-07-08 12:20:31.525467+05:30
9	pbkdf2_sha256$600000$U2q0HjmVawI5M4piWU4dRy$vs+9uv1CwaZ1VRuhiv5DqrC22gmvzrRPvzSqiG6Ed0k=	\N	f	hazeerashaik	Shaik	Hazeera	hazeerashaik@innovatorstech.com	f	t	2025-07-08 12:20:33.945369+05:30
10	pbkdf2_sha256$600000$OyfCehRIrixVAPFzD9KcvE$CNzmO3JEooY3T7E6azMPrS0uW8abzrQlTZosbKohkj8=	\N	f	nagurbabu	Shaik	Nagur Babu	nagurbabu@innovatorstech.com	f	t	2025-07-08 12:20:36.232346+05:30
11	pbkdf2_sha256$600000$5gHXpMo6SQw0iRZaLNsjWm$5xpMk+R0KOt3Sly1pTeAonw/wwk9GsYswL/dLwajUa0=	\N	f	venkatarayudu	Miriyala	Venkata Rayudu	venkatarayudu@innovatorstech.com	f	t	2025-07-08 12:20:38.601558+05:30
12	pbkdf2_sha256$600000$E4nSToAkRT16bXyhHRhUqy$6bnMWlBVyyqSnOFSu+oEA3GE1WKiR42aFiUtcxDrnag=	\N	f	dineshsagar	Kakkulla	Dinesh Sagar	dineshsagar@innovatorstech.com	f	t	2025-07-08 12:20:40.874267+05:30
13	pbkdf2_sha256$600000$cjlAg8XeCbekonZlKVthp2$srJ2xp446cdvqCHkTUDa2IOyRX8BCMVo9wIoRe3MGaI=	\N	f	venkataramanaiah	Venkataramanaiah	Pujari - T	venkataramanaiah@innovatorstech.com	f	t	2025-07-08 12:20:43.221545+05:30
14	pbkdf2_sha256$600000$ciGyI9Td4ZqRmUNo9ffY0t$NNOXgGrYUE9wMoxoNbdwfKqWNteAeYM3oh8e17vObr0=	\N	f	ramya	Ramya	Yandrapalli	ramya@innovatorstech.com	f	t	2025-07-08 12:20:45.676349+05:30
15	pbkdf2_sha256$600000$YDbgYPj2jR1a7U2w05Zaif$oy4EQSL8FRu7uBpUyiMOjQ311Kdk87w+oUaqAIjR9pQ=	\N	f	lakshminarayana	Lakshmi	Narayana Katari	lakshminarayana@innovatorstech.com	f	t	2025-07-08 12:20:47.476915+05:30
16	pbkdf2_sha256$600000$wQwismBWJRpElodXZIRdSI$1fjE1s6dZ/RT4jdeDEJDK+97GbKyGtfmgc2bGrso7jo=	\N	f	shaik.anwar	Shaik	Anwar	shaik.anwar@innovatorstech.com	f	t	2025-07-08 12:20:49.947011+05:30
17	pbkdf2_sha256$600000$bghIMpuHqG0Th52IrDPYU7$V48yPYL5PBQiTEWCaIsYfHqKivg2+n0PsShkuvhxzw0=	\N	f	harshavardhan	Pothireddy	Harshavardhan Reddy	harshavardhan@innovatorstech.com	f	t	2025-07-08 12:20:51.918338+05:30
18	pbkdf2_sha256$600000$u3B18Ks0iszk2VHcharkQn$9m7jKSR5TttybGiE8SrDMlRKL321+xLuewAAMgCQJo8=	\N	f	adiseshu.donthina	Adiseshu	Reddy Donthina	adiseshu.donthina@innovatorstech.com	f	t	2025-07-08 12:20:53.333531+05:30
19	pbkdf2_sha256$600000$NNsVVVFEfQKtCqcxr1N6vm$fiGXMVnBhu4xlttno0rfU2v0yIZtp5s0StyHSISsuDY=	\N	f	mohanreddy	Mohan	Reddy - T	mohanreddy@innovatorstech.com	f	t	2025-07-08 12:20:55.512542+05:30
20	pbkdf2_sha256$600000$qVwDYl6WgiwmJBwm4DGRdc$7BoMmfxTkxiWpJgo0tk4P89N8FgYYIhwXjbb/kFAxe8=	\N	f	giri.krishna	Giri	Krishna - BD	giri.krishna@innovatorstech.com	f	t	2025-07-08 12:20:57.517078+05:30
21	pbkdf2_sha256$600000$ysnT37vG4dUH4i571EkKKw$qglDh3scMok1xTocnUDdifu6BryjnjU0cajcobSEdGk=	\N	f	jayakrishna	Konakala	Jaya Krishna	jayakrishna@innovatorstech.com	f	t	2025-07-08 12:20:59.82316+05:30
22	pbkdf2_sha256$600000$5Sd5O7kHZaqc0VsM38hykF$Fpib1S/syYH9NT+hwRIOJY3tqhILRZmqHBM4eqrNokU=	\N	f	azharuddin	Syed	Azharuddin	azharuddin@innovatorstech.com	f	t	2025-07-08 12:21:02.941705+05:30
23	pbkdf2_sha256$600000$slyYEBsVl2bbeeHN9dsfDK$iTENaGN+eYnWuOhbuTXVljhu2+3ScoMjxky3N3z+8Y0=	\N	f	nagasairam	Kasani	Naga Sai Ram	nagasairam@innovatorstech.com	f	t	2025-07-08 12:21:05.862104+05:30
24	pbkdf2_sha256$600000$w7i75cJLOfu9KkgtJdmBbi$Y8WOLlklbvEQIh3gIwALTIfBLYZhsgU6Pko0OVjUzQg=	\N	f	jagadeesh	Katuru	Jagadeesh	jagadeesh@innovatorstech.com	f	t	2025-07-08 12:21:07.615621+05:30
25	pbkdf2_sha256$600000$aBalcTc9dKLkavr5qGrdBe$7EXTkwL53yzBWpoy45hbW70GPM3T71UqiMwr7cg+Du8=	\N	f	sumanth	Indurthi	Sumanth  - BD	sumanth@innovatorstech.com	f	t	2025-07-08 12:21:09.156359+05:30
26	pbkdf2_sha256$600000$FjUHKSpodZhoTd6eu10g60$pOWgtmVEyDFtF17F7TBlHbGZp5KVF/Ww5fLwOo6K0mM=	\N	f	venkatasubbaiah	Munagala	Venkatasubbaiah	venkatasubbaiah@innovatorstech.com	f	t	2025-07-08 12:21:10.913512+05:30
27	pbkdf2_sha256$600000$B3ByBwN7746fIL0umLynmW$GAHHVwy7Km6ZPtk3h5uclG2whl+9pujSmnEvIZU7m78=	\N	f	santhosh.phani	Santhosh	Phani Krishna - T	santhosh.phani@innovatorstech.com	f	t	2025-07-08 12:21:12.607271+05:30
28	pbkdf2_sha256$600000$Zu49rLyKOxScTwM3I6wUd9$7WOa6wFAddZ21eQmtJbcpBO7dJvb1ZQ7RXq8Kqc7nLI=	\N	f	mani.prakash	Myla	ManiPrakash	mani.prakash@innovatorstech.com	f	t	2025-07-08 12:21:14.445726+05:30
29	pbkdf2_sha256$600000$JtOObIs6gymxTziww8rivs$jvbfr6HnL3dzvOXyDKnmMowbwma/2mUXpM0UTAImaFU=	\N	f	swati.kumari	Swati	Kumari	swati.kumari@innovatorstech.com	f	t	2025-07-08 12:21:18.102345+05:30
30	pbkdf2_sha256$600000$CWMaPIQCDraR9x4gJol745$ooBJ63jA1pzTJex8SEyGiXemNlkKjlflCOmTAxZcGEA=	\N	f	vamsi.krishna	Bayireddy	Vamsi Krishna	vamsi.krishna@innovatorstech.com	f	t	2025-07-08 12:21:21.549188+05:30
31	pbkdf2_sha256$600000$sHMeEDQcwqOKDrcHJQO4dT$XXxA7mNpFwUIOCK5VxBqPL6dfx+t5vf6PWstXd9/hQE=	\N	f	harsha.vardhan	Konduru	Harsha Vardhan	harsha.vardhan@innovatorstech.com	f	t	2025-07-08 12:21:24.338351+05:30
32	pbkdf2_sha256$600000$lqKONZPc9yfIppTuNgUK9C$yRO8adSykp2m+cbeUMgOjtsh8RPwWo8kzefuU8dSqNU=	\N	f	geeth.kumar	Jalampelli	Geethkumar	geeth.kumar@innovatorstech.com	f	t	2025-07-08 12:21:27.704248+05:30
33	pbkdf2_sha256$600000$CuYqpphwmYOGlfHiGXfa6L$VQ7LruDeZBYlMPnEokYHSjN4GAoGkfVZcdNl+Sz2/Tg=	\N	f	shaik.saleem	Shaik	Saleem	shaik.saleem@innovatorstech.com	f	t	2025-07-08 12:21:29.998056+05:30
34	pbkdf2_sha256$600000$utth1M2XnxHeKtBVY4NTW6$tqKUBJPPllIM//5o7MldncvlC/XUDtdMKzodsGFO25g=	\N	f	prem.kumar	Prem	Kumar	prem.kumar@innovatorstech.com	f	t	2025-07-08 12:21:32.486379+05:30
35	pbkdf2_sha256$600000$lQ5vV4lLvsAN1V89oz5EXz$hEWVzZc//t1PfoGq9dMg6Ek//y0NNulnBho57PW/V6I=	\N	f	soumya	Marka	Soumya	soumya@innovatorstech.com	f	t	2025-07-08 12:21:35.316928+05:30
36	pbkdf2_sha256$600000$msdRESR8Y9RKYsF28nj8EB$DjWxNbVa90bUqSXcFArFkjYixu3UVrcNF3baB3UKekU=	\N	f	sai.ganesh	Tirakala	Venkata Sai Ganesh	sai.ganesh@innovatorstech.com	f	t	2025-07-08 12:21:37.796367+05:30
37	pbkdf2_sha256$600000$IVGTfZcHEEnHuN24uTKKnv$IDmEmVn7KsiPma3Q3+ClGxs+3cVwD+dCMp0EDgzxV+s=	\N	f	yashvendra.kumar	Yashvendra	Kumar	yashvendra.kumar@innovatorstech.com	f	t	2025-07-08 12:21:40.652994+05:30
38	pbkdf2_sha256$600000$BjUvUHI6z3yb5TeZ26m9Oh$O1NFtcbr9XjBX2cXLS8Dtactzat0uR53TciAzgalmps=	\N	f	siddhu	Murapaka	Siddhu	siddhu@innovatorstech.com	f	t	2025-07-08 12:21:43.240322+05:30
39	pbkdf2_sha256$600000$8WeYICV22euVOQA31a2RMU$DH/u4/zgxKsuwQq2bdPwXBoyEbWBkqhxAERgoiqLaE0=	\N	f	sanket	Sanket	Shivdas Patil	sanket@innovatorstech.com	f	t	2025-07-08 12:21:45.678733+05:30
40	pbkdf2_sha256$600000$JNasTQlVtCcREqEdbsrbjH$sJAZoRjUntWVRrgjB0HLTMIrcSTeVf1Y+j1FSq0yr/8=	\N	f	nisha	Nisha	Balu Pathare	nisha@innovatorstech.com	f	t	2025-07-08 12:21:48.305649+05:30
42	pbkdf2_sha256$600000$fum8JwYa6t2Qv2RZIzMsvA$e3Wno3y3veqkJhp+8UxnRaBG32T9PYpAOypS78+W73M=	\N	f	svapnali	Svapnali	Dattatrya Shahapure	svapnali@innovatorstech.com	f	t	2025-07-08 12:21:53.171636+05:30
43	pbkdf2_sha256$600000$Fdtrq4iqvhuFcgC1eIqEm7$hMAJw23uzZTv2SmSIZfZDu2sySFwudmNgnwLU/C4rxk=	\N	f	veerendra	Veerendra	Yeleti	veerendra@innovatorstech.com	f	t	2025-07-08 12:21:55.417085+05:30
44	pbkdf2_sha256$600000$XUnzR7SV9sT3dAH8NZrJPx$UrvQ2WH9NngaPwwN/VueBgb2/vyodRnD0tUi/0NsUx4=	\N	f	adnan.shaikh	Shaikh	Adnan Shakeel	adnan.shaikh@innovatorstech.com	f	t	2025-07-08 12:21:58.107344+05:30
45	pbkdf2_sha256$600000$Ugq3DSaHbQmQDyqouqO1bk$3Ky391ZKN+s1u/v+oYqOKe56vMUy8F1/lTFL8RT9ylI=	\N	f	sai.naveen	Kola	Sainaveen Goud	sai.naveen@innovatorstech.com	f	t	2025-07-08 12:21:59.371033+05:30
46	pbkdf2_sha256$600000$8dCsPQr0tparcath0Todzj$B29Yxy1QK8f2bJOO1lsxTCd/XYrNzg+fC5QhvrxHaSM=	\N	f	nagendra	Siddamsetti	NagendraBabu	nagendra@innovatorstech.com	f	t	2025-07-08 12:22:01.558987+05:30
47	pbkdf2_sha256$600000$XvZplXBSU2Y3c22xSX2A7Q$iL6AzMdEA151yscXBgjvdjiRTqsbee1sXxdgbl6M8aI=	\N	f	sharim.shaikh	SHARIM	SHAIKH	sharim.shaikh@innovatorstech.com	f	t	2025-07-08 12:22:03.487641+05:30
48	pbkdf2_sha256$600000$Xq7C3Sq7sjM1oK15p5Vu8s$0sIjuwv16v5zJbM1ZtNn8lvN78DFJge6ldhyTkHwRSQ=	\N	f	chandrakanta.das	Chandrakanta	Das	chandrakanta.das@innovatorstech.com	f	t	2025-07-08 12:22:05.516836+05:30
49	pbkdf2_sha256$600000$oqlHF46fAz0rsoflUj8mgs$DIRRHtj1j4vUO4lmagyUk1JplTz6fV5QqXkn824pgi0=	\N	f	vamshikrishna.b	B.vamshi	krishna	vamshikrishna.b@innovatorstech.com	f	t	2025-07-08 12:22:08.176803+05:30
50	pbkdf2_sha256$600000$8IZHxik5IPrJOlQSSuRutd$6x6+RLV0tkt8PnRK29BOQEKJL2AkEU57RgZsIu0QaJc=	\N	f	saimanohar	NUNNA	SAI MANOHAR	saimanohar@innovatorstech.com	f	t	2025-07-08 12:22:11.08166+05:30
51	pbkdf2_sha256$600000$ZFHodwAYU7jMENlYC8tWiz$Bmi0bzcmp7NBHDpXneJkBSVb+bBpT8UEsYYF1VP4rL4=	\N	f	shaik.gousebasha	SHAIK	GOUSEBASHA	shaik.gousebasha@innovatorstech.com	f	t	2025-07-08 12:22:13.521103+05:30
52	pbkdf2_sha256$600000$CD1Q9D0G07D6XZamgqJp2Z$SsKj4ZJq0sDfYmKZYWP0STCuRbs8GjsPls7pax3yiSc=	\N	f	syed.doulath	SYED	DOULAT	syed.doulath@innovatorstech.com	f	t	2025-07-08 12:22:16.280476+05:30
53	pbkdf2_sha256$600000$XvaIMQZvPMaw1Ot3Quwr9R$m+bpun7WFQ4zCLQa1G7JHAeNiu2negx+fo0BfkAwo54=	\N	f	aruna	Aruna	Boya	aruna@innovatorstech.com	f	t	2025-07-08 12:22:19.051022+05:30
54	pbkdf2_sha256$600000$yohlXkpnSnl1lD7cHlE6uP$UgLm72G0+Uao6LDQa3VWQM5Gx57wQmldRvvpcA7xfGw=	\N	f	venkata.ganesh	Gandavarapu	Venkata Ganesh	venkata.ganesh@innovatorstech.com	f	t	2025-07-08 12:22:21.96657+05:30
55	pbkdf2_sha256$600000$auLZiMlGIsahRCi58WyBSe$eofofKJfAF3x1bg4HWz3k3nXz/tCAvYCsBz6mFZ/724=	\N	f	bhargavi	Byrapuneni	Bhargavi	bhargavi@innovatorstech.com	f	t	2025-07-08 12:22:26.052792+05:30
56	pbkdf2_sha256$600000$Wheasqw5LdS1HdwUFipEhH$kaq5ALRc4DlU3wX42PRECIiCA2AN+MZZFkRK8O7nTlw=	\N	f	shaik.sandhani	shaik	sandhani	shaik.sandhani@innovatorstech.com	f	t	2025-07-08 12:22:28.605477+05:30
57	pbkdf2_sha256$600000$sLYDg9cFFlJ0UfwMrWN0WD$Jdm76vYVqzjT5mTN5pQJAosl6s5pWC+OYibgSuWBKf4=	\N	f	vijaya.sai	KADAVAKUDURU	VIJAYASAI	vijaya.sai@innovatorstech.com	f	t	2025-07-08 12:22:31.160206+05:30
58	pbkdf2_sha256$600000$M0853gMjoEDAgDiaipG6Hp$T+Y1XzRm2QlnWeT/ebZSjLJi26julXibnpedjMuNFn4=	\N	f	kalyani	KALYANI	VODDEPALLI	kalyani@innovatorstech.com	f	t	2025-07-08 12:22:34.809762+05:30
59	pbkdf2_sha256$600000$iwBhD1rguv7N3ciqfgF342$AmT7ki5slOPjmZyoAXJnxp4oTlMgq9+kG6z9VJq3JV4=	\N	f	saikiran.reddy	GUDURU	SAIKIRAN REDDY	saikiran.reddy@innovatorstech.com	f	t	2025-07-08 12:22:38.188614+05:30
60	pbkdf2_sha256$600000$4F82nUSuj66jnIakOaarHT$kLAKcPD3w8O+LCiKUklVI/af4EdYvs6f9Xgksa/rVCk=	\N	f	pavankumararigela	ARIGELA	SRI RAMA DURGA PAVAN KUMAR	pavankumararigela@innovatorstech.com	f	t	2025-07-08 12:22:41.0471+05:30
61	pbkdf2_sha256$600000$IBoBkrtpHZ3YgZ90KgptEn$4nsTpf1Z/syx2eF7takZIEomCAKZl2ivOEA22v2jpz4=	\N	f	mansigautam	Mansi	Gautam Kamble	mansigautam@innovatorstech.com	f	t	2025-07-08 12:22:43.742852+05:30
62	pbkdf2_sha256$600000$Unz1CbVCMX8uzRzNGHUyJs$fjevtLfG0HKVLNGUL1ljC2ololrVOFl1Xg4eeVapBOs=	\N	f	greeshmanthkumar	Muthyala	Greeshmanth kumar	greeshmanthkumar@innovatorstech.com	f	t	2025-07-08 12:22:45.842097+05:30
63	pbkdf2_sha256$600000$E9nMv0hiUZ9S2IMzBw2Qb5$C838SEoFdpJrYSd4GoJKyZ4r4xVKcfw/upMUGPc+3Kk=	\N	f	chiruprakashreddy	SEELAM	CHIRU PRAKASH REDDY	chiruprakashreddy@innovatorstech.com	f	t	2025-07-08 12:22:47.406476+05:30
64	pbkdf2_sha256$600000$II8nDCd8f3QdaygnZg8H4m$zHh9t7qHB1zb5I1bBUU3EkaqSPEOR+uXN1FmPf/1B1w=	\N	f	shubam	Shubham	Kamandar	shubam@innovatorstech.com	f	t	2025-07-08 12:22:49.432297+05:30
65	pbkdf2_sha256$600000$uDMv7JGW5FB5lMqq7bVxlH$muUs4L83CtJ/Nd1kDmp1VGt4g6uv/rJ0bC+Sv0Uygp8=	\N	f	sushant	Sushant	Jagannath Kamble	sushant@innovatorstech.com	f	t	2025-07-08 12:22:50.841968+05:30
66	pbkdf2_sha256$600000$epOhDslkGNzE4w4tUzLnWy$9SehBnlrjPo9OHl1KIDmyRlHk7HzoHn5tNhQE2cT49s=	\N	f	revanth.reddy	Dasari	Naga Revanth Reddy	revanth.reddy@innovatorstech.com	f	t	2025-07-08 12:22:53.313279+05:30
67	pbkdf2_sha256$600000$YFxRJX124hFez2WxNxlU7Y$GG+ZZBLOAzHdf+5u5vINtntVdzUfTt9s7a7jQqqkqho=	\N	f	kiran.kumar	TANDRA	KIRANKUMAR	kiran.kumar@innovatorstech.com	f	t	2025-07-08 12:22:55.791245+05:30
68	pbkdf2_sha256$600000$ob33Pavr3FyXqt8HtadfKT$w+3lKpSJGUqlHVt1lZqJo/gnI8Brz06J/9lBjpcVGXs=	\N	f	raghav	SIMHADRI	TRINAGA RAGHAV	raghav@innovatorstech.com	f	t	2025-07-08 12:22:59.120538+05:30
69	pbkdf2_sha256$600000$eidEpMuCigsale77bfjohX$2b+7l+wRMqp3jHb2qe3DFhoU974m/WG7dXqyDgsFRsA=	\N	f	gatadisanthoshi	GATADI	SANTHOSHI	gatadisanthoshi@innovatorstech.com	f	t	2025-07-08 12:23:01.197037+05:30
70	pbkdf2_sha256$600000$xqHqPncREGVHYVmWosxENi$+mLhaSQpFa+J/nPn0OSWyDDTcvFvB/fM2B4IFFWi8Cs=	\N	f	mohanagopikrishna	DHANEKULA	MOHANA GOPI KRISHNA	mohanagopikrishna@innovatorstech.com	f	t	2025-07-08 12:23:03.829837+05:30
71	pbkdf2_sha256$600000$ShY6jCf3uljIy9Yv568Zov$0WmIZXoMN/IlHS7gzpwxnERhfwFYBNIsjZAEc486rNg=	\N	f	harisaichandu	Pallipati	Hari Sai Chandu	harisaichandu@innovatorstech.com	f	t	2025-07-08 12:23:06.631932+05:30
72	pbkdf2_sha256$600000$kdHNEW6rZszzzPQWnkOnmT$r+YT3LW2n2gzlF28d7JnV4nUdiEW58qbj6KrAsFOpSY=	\N	f	sudharsanareddybhupathi	Bhupathi	Sudharsana Reddy	sudharsanareddybhupathi@innovatorstech.com	f	t	2025-07-08 12:23:09.269424+05:30
73	pbkdf2_sha256$600000$nge0xXWjqWLCZORLs2M3pG$aQalLBCS7TjkxxOGRweKXvwd4AgY+38fJDIznWvmmQQ=	\N	f	saibabamopada	Mopada	saibaba	saibabamopada@innovatorstech.com	f	t	2025-07-08 12:23:12.0282+05:30
74	pbkdf2_sha256$600000$AV5Knm8WuzinCGnsOxWctW$1uc+Fs2dSMd4/G2Ekg4kzP7tGRpfQaXiSbQlKqOOPCk=	\N	f	shaiksajid	Shaik	Sajid	shaiksajid@innovatorstech.com	f	t	2025-07-08 12:23:15.555179+05:30
75	pbkdf2_sha256$600000$bKUdelSPGxUL93xWedqHdn$ql/uMNE0uue81yqpHGKC9fQt1r3WnaNYX+ThYknLmOM=	\N	f	dushyanthkumarthandra	Thandra	Dushyanth kumar	dushyanthkumarthandra@innovatorstech.com	f	t	2025-07-08 12:23:19.375645+05:30
76	pbkdf2_sha256$600000$vNEyqYzQYh34qKyxg3cv0s$Bs+xBfxQtac4IAUMlp4C8l8XVibgUH5FUmd+zY7k8HY=	\N	f	shravankumarreddy	ONGOLE	SHRAVAN KUMAR REDDY	shravankumarreddy@innovatorstech.com	f	t	2025-07-08 12:23:22.521759+05:30
77	pbkdf2_sha256$600000$YSo2CwVqVQbw2gPaalak0G$MpsjFMhpDXIbpURh8JhAMZ6Tgugxohq/spbxKnvJ1cM=	\N	f	yogeshwarparasramnirmale	Yogeshwar	Parasram Nirmale	yogeshwarparasramnirmale@innvoatorstech.com	f	t	2025-07-08 12:23:25.275661+05:30
78	pbkdf2_sha256$600000$OsvQTgGoYfEsEyzD8hG1a1$ooMzhjCqTYdxv+8OGNljwZbBT08EkzCL1HPBRLOZkjc=	\N	f	hanishchandra	hanish	kolla	hanishchandra@innovatorstech.com	f	t	2025-07-08 12:23:27.520467+05:30
79	pbkdf2_sha256$600000$TJD9r4cLD4nEOUMLZ9ovjr$mBxUQzp0e7cD1D07Mnk1Xx5nVCQbtMwqSHw8UG7vw60=	\N	f	raghavendar.goud	Raghavendra	Goud	raghavendar.goud@innovatorstech.com	f	t	2025-07-08 12:23:29.142264+05:30
80	pbkdf2_sha256$600000$xLhAd8tLKzQxdGJ71tEBoe$1nTPZShcbpep/+yI2Oc95tFx188LEeJzlKanGlw/bwg=	\N	f	sandeep	Neerudu	Sandeep	sandeep@innovatorstech.com	f	t	2025-07-08 12:23:31.952938+05:30
81	pbkdf2_sha256$600000$Cvv7pctIYFltkQ6TGR0PpS$/slDTvPhahC4JPd7s9t4Wmyj1NBqIvqaLnIP9NzKj+o=	\N	f	raja.reddy	Goulla	Raja raghavendar Reddy	raja.reddy@innovatorstech.com	f	t	2025-07-08 12:23:34.364775+05:30
82	pbkdf2_sha256$600000$Q433s3zq9VpnKMM6JFhQfw$2yIgAaUqghZM1tkO+sUa7mLfttAsslb4swOFZhYtFUo=	\N	f	tirupati.reddy	Tirupati	Reddy - FD	tirupati.reddy@innovatorstech.com	f	t	2025-07-08 12:23:37.545847+05:30
84	pbkdf2_sha256$600000$MGRyDLrgjZMwClgccpNgRb$SLm2UCCzHN3gIBvJh29SVekacAP6d0IqGVpJiGmmAUE=	\N	f	srinivas	M.	Srinivas Goud	srinivas@innovatorstech.com	f	t	2025-07-08 12:23:42.623064+05:30
86	pbkdf2_sha256$600000$jzWNlfY6cmtot0pJEFoIrj$FvosuEiPwwfbtStY7vVoMBgmh1PpEcjMSM2svz1x8to=	\N	f	mahender.reddy	Mahender	Reddy	mahender.reddy@innovatorstech.com	f	t	2025-07-08 12:23:45.987393+05:30
87	pbkdf2_sha256$600000$jLqCcg3B2jZDkx2g0AW10w$yDMyVInYkAj613AVEU/SBgaV99n3cw169PMPxNwzcTk=	\N	f	yuvrajvishnu	Yuvraj	Vishnu Khilare	yuvrajvishnu@innovatorstech.com	f	t	2025-07-08 12:23:47.529368+05:30
88	pbkdf2_sha256$600000$nztQ4ZEcl7YH22rzFASp6e$4z1yrLw8jtug9BN7DUx02iJBlxowG913ZnDcke2TQOA=	\N	f	lakavathganesh	Lakavath	Ganesh	lakavathganesh@innovatorstech.com	f	t	2025-07-08 12:23:48.813136+05:30
89	pbkdf2_sha256$600000$X3qQn3c8Y8w5sFUZkBFlMP$T1jV8Maa2cCabs/YYkhhPcuJUS8OF7Sn/bHgLYULgVE=	\N	f	sricharan.kuraku	Sricharan	Kuraku	sricharan.kuraku@innovatorstech.com	f	t	2025-07-08 12:23:50.167736+05:30
90	pbkdf2_sha256$600000$ciFvGNQOlQeQUX0dBwe4Ql$iZPz69oY+y1qfD4KNWZAbKFa7TT1dPAh+k5XIZByukM=	\N	f	ponnala.mounika	Ponnala	Mounika	ponnala.mounika@innovatorstech.com	f	t	2025-07-08 12:23:51.658283+05:30
91	pbkdf2_sha256$600000$X1vy6tPBXYcXRwFEQnzq4S$uPICOVOiLnpUAYVevi3bJn2v8cDUghQXO9bZghWbix8=	\N	f	syed.mastanvali	Syed	Mastanvali	syed.mastanvali@innovatorstech.com	f	t	2025-07-08 12:23:52.865404+05:30
93	pbkdf2_sha256$600000$N7VdKtzL9BVkE2oaGR6ct1$e+hH4Hhtsv6vXjkQ0ohMtELxbE0r9VE7jz/nJlS+xYw=	\N	f	p.ajaykumar	Purugula	Ajay Kumar	p.ajaykumar@innovatorstech.com	f	t	2025-07-08 12:23:55.948009+05:30
95	pbkdf2_sha256$600000$iTC3cLmfAh4MygniN3atux$jPga/LK+1TXoQ/4KV+PAahCBfSY8aHLmT086bSUsC6U=	\N	f	kanna.venkatarao	Kanna	Venkatarao	kanna.venkatarao@innovatorstech.com	f	t	2025-07-08 12:23:59.91318+05:30
94	pbkdf2_sha256$720000$pyCD8wpP5Spm5Ab2N7Htud$sZMMkzeORTyXPi7RFnjvrGyGO66AEB3YZchjAHr47fI=	\N	f	suresh.goud	Suresh	Goud	suresh.goud@innovatorstech.com	f	t	2025-07-08 12:23:58.031223+05:30
96	pbkdf2_sha256$600000$JoDsgJvEKbCFGlWD87Qx1j$UXJfjfJNT6Kx+pCU8n7CyGbTdByVAvS9VKDDfmskklM=	\N	t	venkateswararao.garikapati	Garikapati	Venkateswara Rao	venkateswararao.garikapati@innovatorstech.com	t	t	2025-07-08 12:24:01.639905+05:30
83	pbkdf2_sha256$600000$oTEkoSELEiwkywehnbpUcI$cutcwbCs/bfd5s+EalrURUR/ehAPNH/v2vBbN+V/NI4=	\N	f	vinod.kumar	Malavath	Vinod Kumar - BD	vinod.kumar@innovatorstech.com	f	t	2025-07-08 12:23:40.114434+05:30
98	pbkdf2_sha256$600000$rdtoA9XtDHU6FAS9RwtCVR$t23kNr3PrzEZMl5SkeCTQr/QlJJIDf95Kz7X2b4Q2c0=	\N	t	maheswar.reddy	SURAM	MAHESWAR REDDY	maheswar.reddy@innovatorstech.com	t	t	2025-07-09 16:34:01.931388+05:30
99	pbkdf2_sha256$600000$yabPl8km3tMPTfGKxTMWGu$pFc14fcNudHCHmDcoJqYsfAp5g0B5ylkVnOe06SGJks=	\N	t	hr	HR		hr@innovatorstech.com	t	t	2025-07-09 16:34:04.668872+05:30
41	pbkdf2_sha256$600000$cmhyvSAREan4r8vL9sQujS$LRfnfQSf1kCzdOpELpgzylMKc/JVwdFic918VnWO3Ic=	\N	f	adesh	Adesh	Gaikwad	adesh@innovatorstech.com	f	t	2025-07-08 12:21:50.875052+05:30
97	pbkdf2_sha256$600000$kbxXADRwufFYjtwRowPW20$y+XuhkjEq4Oymk+l6Ma1fYp599pIpbr4cLbIZaFhEzs=	\N	t	admin	Admin		admin@innovatorstechsolutions.com	t	t	2025-07-09 16:33:58.839772+05:30
92	pbkdf2_sha256$720000$FKTXICGG3NDlSKBp274EQj$HvFDhbljxYF3sK4/PV7RfrMp7wXC3ggORR++PJDtIXE=	\N	f	ratna.kumar	Ratna	Kumar	ratna.kumar@innovatorstech.com	f	t	2025-07-08 12:23:54.133946+05:30
85	pbkdf2_sha256$720000$9ANgpAU02C4vazuJiDIfP5$CsfH+ZHgJ8zIQvyh+Jo5U2NiNfUNlI6BjtIWgJItVJ4=	\N	f	sravanigujjula	Gujjula	Sravani	sravanigujjula@innovatorstech.com	f	t	2025-07-08 12:23:44.60988+05:30
\.


--
-- Data for Name: auth_user_groups; Type: TABLE DATA; Schema: public; Owner: postgres
--

COPY public.auth_user_groups (id, user_id, group_id) FROM stdin;
\.


--
-- Data for Name: auth_user_user_permissions; Type: TABLE DATA; Schema: public; Owner: postgres
--

COPY public.auth_user_user_permissions (id, user_id, permission_id) FROM stdin;
\.


--
-- Data for Name: django_admin_log; Type: TABLE DATA; Schema: public; Owner: postgres
--

COPY public.django_admin_log (id, action_time, object_id, object_repr, action_flag, change_message, content_type_id, user_id) FROM stdin;
\.


--
-- Data for Name: django_content_type; Type: TABLE DATA; Schema: public; Owner: postgres
--

COPY public.django_content_type (id, app_label, model) FROM stdin;
1	admin	logentry
2	auth	permission
3	auth	group
4	auth	user
5	contenttypes	contenttype
6	sessions	session
7	attendance	employee
8	attendance	attendancelog
9	attendance	lateloginreason
10	attendance	dailyworkreport
11	attendance	adminreply
12	attendance	chatroom
13	attendance	message
14	attendance	userstatus
15	attendance	punchinout
16	attendance	passwordresettoken
17	attendance	messagereadreceipt
18	attendance	usermention
19	attendance	attendancepunchinout
20	attendance	attendance
21	attendance	attendancereasonapproval
22	attendance	attachment
23	attendance	chatgroup
24	attendance	customuser
25	attendance	employeeprofile
\.


--
-- Data for Name: django_migrations; Type: TABLE DATA; Schema: public; Owner: postgres
--

COPY public.django_migrations (id, app, name, applied) FROM stdin;
1	contenttypes	0001_initial	2025-07-08 12:00:11.793102+05:30
2	auth	0001_initial	2025-07-08 12:00:11.925312+05:30
3	admin	0001_initial	2025-07-08 12:00:11.953783+05:30
4	admin	0002_logentry_remove_auto_add	2025-07-08 12:00:11.965462+05:30
5	admin	0003_logentry_add_action_flag_choices	2025-07-08 12:00:11.976589+05:30
6	attendance	0001_initial	2025-07-08 12:00:12.019846+05:30
7	attendance	0002_alter_employee_options_remove_employee_daily_report_and_more	2025-07-08 12:00:12.141736+05:30
8	attendance	0003_lateloginreason_dailyworkreport	2025-07-08 12:00:12.206343+05:30
9	attendance	0004_adminreply_chatroom_message_userstatus_and_more	2025-07-08 12:00:12.466989+05:30
10	attendance	0005_punchinout	2025-07-08 12:00:12.49405+05:30
11	attendance	0006_alter_punchinout_options_and_more	2025-07-08 12:00:12.614452+05:30
12	attendance	0007_alter_attendancelog_options_adminreply_is_read	2025-07-08 12:00:12.649366+05:30
13	contenttypes	0002_remove_content_type_name	2025-07-08 12:00:12.714313+05:30
14	auth	0002_alter_permission_name_max_length	2025-07-08 12:00:12.75206+05:30
15	auth	0003_alter_user_email_max_length	2025-07-08 12:00:12.783577+05:30
16	auth	0004_alter_user_username_opts	2025-07-08 12:00:12.802461+05:30
17	auth	0005_alter_user_last_login_null	2025-07-08 12:00:12.836359+05:30
18	auth	0006_require_contenttypes_0002	2025-07-08 12:00:12.845624+05:30
19	auth	0007_alter_validators_add_error_messages	2025-07-08 12:00:12.876999+05:30
20	auth	0008_alter_user_username_max_length	2025-07-08 12:00:12.903911+05:30
21	auth	0009_alter_user_last_name_max_length	2025-07-08 12:00:12.942854+05:30
22	auth	0010_alter_group_name_max_length	2025-07-08 12:00:13.000273+05:30
23	auth	0011_update_proxy_permissions	2025-07-08 12:00:13.035513+05:30
24	auth	0012_alter_user_first_name_max_length	2025-07-08 12:00:13.06822+05:30
25	sessions	0001_initial	2025-07-08 12:00:13.091683+05:30
26	attendance	0008_messagereadreceipt_usermention_and_more	2025-07-09 15:31:58.691967+05:30
27	attendance	0009_attendancelog_reason	2025-07-09 15:31:58.72472+05:30
28	attendance	0010_lateloginreason_expected_time	2025-07-09 15:31:58.86198+05:30
29	attendance	0011_attendancepunchinout_delete_punchinout	2025-07-09 15:31:59.042692+05:30
30	attendance	0012_attendancelog_late_login_reason	2025-07-11 09:14:26.485213+05:30
31	attendance	0013_attendance_remove_attendancepunchinout_employee_and_more	2025-07-11 09:14:27.052868+05:30
32	attendance	0014_attendancereasonapproval	2025-07-11 22:56:00.338738+05:30
33	attendance	0015_rename_reason_attendance_punch_in_reason_and_more	2025-07-16 10:43:57.762905+05:30
34	attendance	0016_add_chatroom_user_fields	2025-07-22 16:04:06.82597+05:30
35	attendance	0017_cleanup_duplicate_chatrooms	2025-07-22 16:05:16.636813+05:30
36	attendance	0018_finalize_chatroom_model	2025-07-22 16:06:00.170449+05:30
37	attendance	0019_attachment_chatgroup_customuser_employeeprofile_and_more	2025-07-22 16:09:59.758412+05:30
38	attendance	0016_remove_message_room_remove_message_sender_and_more	2025-07-31 12:43:51.956317+05:30
39	attendance	0017_chatroom_message_messagereadreceipt_usermention_and_more	2025-07-31 12:43:51.962104+05:30
\.


--
-- Data for Name: django_session; Type: TABLE DATA; Schema: public; Owner: postgres
--

COPY public.django_session (session_key, session_data, expire_date) FROM stdin;
\.


--
-- Name: attendance_adminreply_id_seq; Type: SEQUENCE SET; Schema: public; Owner: postgres
--

SELECT pg_catalog.setval('public.attendance_adminreply_id_seq', 6, true);


--
-- Name: attendance_attachment_id_seq; Type: SEQUENCE SET; Schema: public; Owner: postgres
--

SELECT pg_catalog.setval('public.attendance_attachment_id_seq', 1, false);


--
-- Name: attendance_attendance_id_seq; Type: SEQUENCE SET; Schema: public; Owner: postgres
--

SELECT pg_catalog.setval('public.attendance_attendance_id_seq', 38, true);


--
-- Name: attendance_chatgroup_id_seq; Type: SEQUENCE SET; Schema: public; Owner: postgres
--

SELECT pg_catalog.setval('public.attendance_chatgroup_id_seq', 1, false);


--
-- Name: attendance_chatgroup_members_id_seq; Type: SEQUENCE SET; Schema: public; Owner: postgres
--

SELECT pg_catalog.setval('public.attendance_chatgroup_members_id_seq', 1, false);


--
-- Name: attendance_chatroom_id_seq; Type: SEQUENCE SET; Schema: public; Owner: postgres
--

SELECT pg_catalog.setval('public.attendance_chatroom_id_seq', 6, true);


--
-- Name: attendance_customuser_groups_id_seq; Type: SEQUENCE SET; Schema: public; Owner: postgres
--

SELECT pg_catalog.setval('public.attendance_customuser_groups_id_seq', 1, false);


--
-- Name: attendance_customuser_id_seq; Type: SEQUENCE SET; Schema: public; Owner: postgres
--

SELECT pg_catalog.setval('public.attendance_customuser_id_seq', 1, false);


--
-- Name: attendance_customuser_user_permissions_id_seq; Type: SEQUENCE SET; Schema: public; Owner: postgres
--

SELECT pg_catalog.setval('public.attendance_customuser_user_permissions_id_seq', 1, false);


--
-- Name: attendance_dailyworkreport_id_seq; Type: SEQUENCE SET; Schema: public; Owner: postgres
--

SELECT pg_catalog.setval('public.attendance_dailyworkreport_id_seq', 33, true);


--
-- Name: attendance_employeeprofile_id_seq; Type: SEQUENCE SET; Schema: public; Owner: postgres
--

SELECT pg_catalog.setval('public.attendance_employeeprofile_id_seq', 1, false);


--
-- Name: attendance_message_id_seq; Type: SEQUENCE SET; Schema: public; Owner: postgres
--

SELECT pg_catalog.setval('public.attendance_message_id_seq', 1, false);


--
-- Name: attendance_passwordresettoken_id_seq; Type: SEQUENCE SET; Schema: public; Owner: postgres
--

SELECT pg_catalog.setval('public.attendance_passwordresettoken_id_seq', 13, true);


--
-- Name: auth_group_id_seq; Type: SEQUENCE SET; Schema: public; Owner: postgres
--

SELECT pg_catalog.setval('public.auth_group_id_seq', 1, false);


--
-- Name: auth_group_permissions_id_seq; Type: SEQUENCE SET; Schema: public; Owner: postgres
--

SELECT pg_catalog.setval('public.auth_group_permissions_id_seq', 1, false);


--
-- Name: auth_permission_id_seq; Type: SEQUENCE SET; Schema: public; Owner: postgres
--

SELECT pg_catalog.setval('public.auth_permission_id_seq', 100, true);


--
-- Name: auth_user_groups_id_seq; Type: SEQUENCE SET; Schema: public; Owner: postgres
--

SELECT pg_catalog.setval('public.auth_user_groups_id_seq', 1, false);


--
-- Name: auth_user_id_seq; Type: SEQUENCE SET; Schema: public; Owner: postgres
--

SELECT pg_catalog.setval('public.auth_user_id_seq', 100, true);


--
-- Name: auth_user_user_permissions_id_seq; Type: SEQUENCE SET; Schema: public; Owner: postgres
--

SELECT pg_catalog.setval('public.auth_user_user_permissions_id_seq', 1, false);


--
-- Name: django_admin_log_id_seq; Type: SEQUENCE SET; Schema: public; Owner: postgres
--

SELECT pg_catalog.setval('public.django_admin_log_id_seq', 1, false);


--
-- Name: django_content_type_id_seq; Type: SEQUENCE SET; Schema: public; Owner: postgres
--

SELECT pg_catalog.setval('public.django_content_type_id_seq', 25, true);


--
-- Name: django_migrations_id_seq; Type: SEQUENCE SET; Schema: public; Owner: postgres
--

SELECT pg_catalog.setval('public.django_migrations_id_seq', 39, true);


--
-- Name: attendance_adminreply attendance_adminreply_pkey; Type: CONSTRAINT; Schema: public; Owner: postgres
--

ALTER TABLE ONLY public.attendance_adminreply
    ADD CONSTRAINT attendance_adminreply_pkey PRIMARY KEY (id);


--
-- Name: attendance_attachment attendance_attachment_pkey; Type: CONSTRAINT; Schema: public; Owner: postgres
--

ALTER TABLE ONLY public.attendance_attachment
    ADD CONSTRAINT attendance_attachment_pkey PRIMARY KEY (id);


--
-- Name: attendance_attendance attendance_attendance_pkey; Type: CONSTRAINT; Schema: public; Owner: postgres
--

ALTER TABLE ONLY public.attendance_attendance
    ADD CONSTRAINT attendance_attendance_pkey PRIMARY KEY (id);


--
-- Name: attendance_chatgroup_members attendance_chatgroup_mem_chatgroup_id_customuser__ac209698_uniq; Type: CONSTRAINT; Schema: public; Owner: postgres
--

ALTER TABLE ONLY public.attendance_chatgroup_members
    ADD CONSTRAINT attendance_chatgroup_mem_chatgroup_id_customuser__ac209698_uniq UNIQUE (chatgroup_id, customuser_id);


--
-- Name: attendance_chatgroup_members attendance_chatgroup_members_pkey; Type: CONSTRAINT; Schema: public; Owner: postgres
--

ALTER TABLE ONLY public.attendance_chatgroup_members
    ADD CONSTRAINT attendance_chatgroup_members_pkey PRIMARY KEY (id);


--
-- Name: attendance_chatgroup attendance_chatgroup_pkey; Type: CONSTRAINT; Schema: public; Owner: postgres
--

ALTER TABLE ONLY public.attendance_chatgroup
    ADD CONSTRAINT attendance_chatgroup_pkey PRIMARY KEY (id);


--
-- Name: attendance_chatroom attendance_chatroom_pkey; Type: CONSTRAINT; Schema: public; Owner: postgres
--

ALTER TABLE ONLY public.attendance_chatroom
    ADD CONSTRAINT attendance_chatroom_pkey PRIMARY KEY (id);


--
-- Name: attendance_chatroom attendance_chatroom_user1_id_user2_id_69bf5e32_uniq; Type: CONSTRAINT; Schema: public; Owner: postgres
--

ALTER TABLE ONLY public.attendance_chatroom
    ADD CONSTRAINT attendance_chatroom_user1_id_user2_id_69bf5e32_uniq UNIQUE (user1_id, user2_id);


--
-- Name: attendance_customuser_groups attendance_customuser_gr_customuser_id_group_id_62c42087_uniq; Type: CONSTRAINT; Schema: public; Owner: postgres
--

ALTER TABLE ONLY public.attendance_customuser_groups
    ADD CONSTRAINT attendance_customuser_gr_customuser_id_group_id_62c42087_uniq UNIQUE (customuser_id, group_id);


--
-- Name: attendance_customuser_groups attendance_customuser_groups_pkey; Type: CONSTRAINT; Schema: public; Owner: postgres
--

ALTER TABLE ONLY public.attendance_customuser_groups
    ADD CONSTRAINT attendance_customuser_groups_pkey PRIMARY KEY (id);


--
-- Name: attendance_customuser attendance_customuser_pkey; Type: CONSTRAINT; Schema: public; Owner: postgres
--

ALTER TABLE ONLY public.attendance_customuser
    ADD CONSTRAINT attendance_customuser_pkey PRIMARY KEY (id);


--
-- Name: attendance_customuser_user_permissions attendance_customuser_us_customuser_id_permission_2cb28748_uniq; Type: CONSTRAINT; Schema: public; Owner: postgres
--

ALTER TABLE ONLY public.attendance_customuser_user_permissions
    ADD CONSTRAINT attendance_customuser_us_customuser_id_permission_2cb28748_uniq UNIQUE (customuser_id, permission_id);


--
-- Name: attendance_customuser_user_permissions attendance_customuser_user_permissions_pkey; Type: CONSTRAINT; Schema: public; Owner: postgres
--

ALTER TABLE ONLY public.attendance_customuser_user_permissions
    ADD CONSTRAINT attendance_customuser_user_permissions_pkey PRIMARY KEY (id);


--
-- Name: attendance_customuser attendance_customuser_username_key; Type: CONSTRAINT; Schema: public; Owner: postgres
--

ALTER TABLE ONLY public.attendance_customuser
    ADD CONSTRAINT attendance_customuser_username_key UNIQUE (username);


--
-- Name: attendance_dailyworkreport attendance_dailyworkreport_pkey; Type: CONSTRAINT; Schema: public; Owner: postgres
--

ALTER TABLE ONLY public.attendance_dailyworkreport
    ADD CONSTRAINT attendance_dailyworkreport_pkey PRIMARY KEY (id);


--
-- Name: attendance_dailyworkreport attendance_dailyworkreport_user_id_date_93bbe4c3_uniq; Type: CONSTRAINT; Schema: public; Owner: postgres
--

ALTER TABLE ONLY public.attendance_dailyworkreport
    ADD CONSTRAINT attendance_dailyworkreport_user_id_date_93bbe4c3_uniq UNIQUE (user_id, date);


--
-- Name: attendance_employeeprofile attendance_employeeprofile_pkey; Type: CONSTRAINT; Schema: public; Owner: postgres
--

ALTER TABLE ONLY public.attendance_employeeprofile
    ADD CONSTRAINT attendance_employeeprofile_pkey PRIMARY KEY (id);


--
-- Name: attendance_employeeprofile attendance_employeeprofile_user_id_key; Type: CONSTRAINT; Schema: public; Owner: postgres
--

ALTER TABLE ONLY public.attendance_employeeprofile
    ADD CONSTRAINT attendance_employeeprofile_user_id_key UNIQUE (user_id);


--
-- Name: attendance_message attendance_message_pkey; Type: CONSTRAINT; Schema: public; Owner: postgres
--

ALTER TABLE ONLY public.attendance_message
    ADD CONSTRAINT attendance_message_pkey PRIMARY KEY (id);


--
-- Name: attendance_passwordresettoken attendance_passwordresettoken_pkey; Type: CONSTRAINT; Schema: public; Owner: postgres
--

ALTER TABLE ONLY public.attendance_passwordresettoken
    ADD CONSTRAINT attendance_passwordresettoken_pkey PRIMARY KEY (id);


--
-- Name: attendance_passwordresettoken attendance_passwordresettoken_token_key; Type: CONSTRAINT; Schema: public; Owner: postgres
--

ALTER TABLE ONLY public.attendance_passwordresettoken
    ADD CONSTRAINT attendance_passwordresettoken_token_key UNIQUE (token);


--
-- Name: auth_group auth_group_name_key; Type: CONSTRAINT; Schema: public; Owner: postgres
--

ALTER TABLE ONLY public.auth_group
    ADD CONSTRAINT auth_group_name_key UNIQUE (name);


--
-- Name: auth_group_permissions auth_group_permissions_group_id_permission_id_0cd325b0_uniq; Type: CONSTRAINT; Schema: public; Owner: postgres
--

ALTER TABLE ONLY public.auth_group_permissions
    ADD CONSTRAINT auth_group_permissions_group_id_permission_id_0cd325b0_uniq UNIQUE (group_id, permission_id);


--
-- Name: auth_group_permissions auth_group_permissions_pkey; Type: CONSTRAINT; Schema: public; Owner: postgres
--

ALTER TABLE ONLY public.auth_group_permissions
    ADD CONSTRAINT auth_group_permissions_pkey PRIMARY KEY (id);


--
-- Name: auth_group auth_group_pkey; Type: CONSTRAINT; Schema: public; Owner: postgres
--

ALTER TABLE ONLY public.auth_group
    ADD CONSTRAINT auth_group_pkey PRIMARY KEY (id);


--
-- Name: auth_permission auth_permission_content_type_id_codename_01ab375a_uniq; Type: CONSTRAINT; Schema: public; Owner: postgres
--

ALTER TABLE ONLY public.auth_permission
    ADD CONSTRAINT auth_permission_content_type_id_codename_01ab375a_uniq UNIQUE (content_type_id, codename);


--
-- Name: auth_permission auth_permission_pkey; Type: CONSTRAINT; Schema: public; Owner: postgres
--

ALTER TABLE ONLY public.auth_permission
    ADD CONSTRAINT auth_permission_pkey PRIMARY KEY (id);


--
-- Name: auth_user_groups auth_user_groups_pkey; Type: CONSTRAINT; Schema: public; Owner: postgres
--

ALTER TABLE ONLY public.auth_user_groups
    ADD CONSTRAINT auth_user_groups_pkey PRIMARY KEY (id);


--
-- Name: auth_user_groups auth_user_groups_user_id_group_id_94350c0c_uniq; Type: CONSTRAINT; Schema: public; Owner: postgres
--

ALTER TABLE ONLY public.auth_user_groups
    ADD CONSTRAINT auth_user_groups_user_id_group_id_94350c0c_uniq UNIQUE (user_id, group_id);


--
-- Name: auth_user auth_user_pkey; Type: CONSTRAINT; Schema: public; Owner: postgres
--

ALTER TABLE ONLY public.auth_user
    ADD CONSTRAINT auth_user_pkey PRIMARY KEY (id);


--
-- Name: auth_user_user_permissions auth_user_user_permissions_pkey; Type: CONSTRAINT; Schema: public; Owner: postgres
--

ALTER TABLE ONLY public.auth_user_user_permissions
    ADD CONSTRAINT auth_user_user_permissions_pkey PRIMARY KEY (id);


--
-- Name: auth_user_user_permissions auth_user_user_permissions_user_id_permission_id_14a6b632_uniq; Type: CONSTRAINT; Schema: public; Owner: postgres
--

ALTER TABLE ONLY public.auth_user_user_permissions
    ADD CONSTRAINT auth_user_user_permissions_user_id_permission_id_14a6b632_uniq UNIQUE (user_id, permission_id);


--
-- Name: auth_user auth_user_username_key; Type: CONSTRAINT; Schema: public; Owner: postgres
--

ALTER TABLE ONLY public.auth_user
    ADD CONSTRAINT auth_user_username_key UNIQUE (username);


--
-- Name: django_admin_log django_admin_log_pkey; Type: CONSTRAINT; Schema: public; Owner: postgres
--

ALTER TABLE ONLY public.django_admin_log
    ADD CONSTRAINT django_admin_log_pkey PRIMARY KEY (id);


--
-- Name: django_content_type django_content_type_app_label_model_76bd3d3b_uniq; Type: CONSTRAINT; Schema: public; Owner: postgres
--

ALTER TABLE ONLY public.django_content_type
    ADD CONSTRAINT django_content_type_app_label_model_76bd3d3b_uniq UNIQUE (app_label, model);


--
-- Name: django_content_type django_content_type_pkey; Type: CONSTRAINT; Schema: public; Owner: postgres
--

ALTER TABLE ONLY public.django_content_type
    ADD CONSTRAINT django_content_type_pkey PRIMARY KEY (id);


--
-- Name: django_migrations django_migrations_pkey; Type: CONSTRAINT; Schema: public; Owner: postgres
--

ALTER TABLE ONLY public.django_migrations
    ADD CONSTRAINT django_migrations_pkey PRIMARY KEY (id);


--
-- Name: django_session django_session_pkey; Type: CONSTRAINT; Schema: public; Owner: postgres
--

ALTER TABLE ONLY public.django_session
    ADD CONSTRAINT django_session_pkey PRIMARY KEY (session_key);


--
-- Name: attendance_adminreply_admin_id_f118c68f; Type: INDEX; Schema: public; Owner: postgres
--

CREATE INDEX attendance_adminreply_admin_id_f118c68f ON public.attendance_adminreply USING btree (admin_id);


--
-- Name: attendance_adminreply_report_id_ece55e95; Type: INDEX; Schema: public; Owner: postgres
--

CREATE INDEX attendance_adminreply_report_id_ece55e95 ON public.attendance_adminreply USING btree (report_id);


--
-- Name: attendance_attachment_message_id_09c135db; Type: INDEX; Schema: public; Owner: postgres
--

CREATE INDEX attendance_attachment_message_id_09c135db ON public.attendance_attachment USING btree (message_id);


--
-- Name: attendance_attendance_user_id_2bd82a2c; Type: INDEX; Schema: public; Owner: postgres
--

CREATE INDEX attendance_attendance_user_id_2bd82a2c ON public.attendance_attendance USING btree (user_id);


--
-- Name: attendance_chatgroup_created_by_id_40e43d0a; Type: INDEX; Schema: public; Owner: postgres
--

CREATE INDEX attendance_chatgroup_created_by_id_40e43d0a ON public.attendance_chatgroup USING btree (created_by_id);


--
-- Name: attendance_chatgroup_members_chatgroup_id_74fc0bab; Type: INDEX; Schema: public; Owner: postgres
--

CREATE INDEX attendance_chatgroup_members_chatgroup_id_74fc0bab ON public.attendance_chatgroup_members USING btree (chatgroup_id);


--
-- Name: attendance_chatgroup_members_customuser_id_7ccb9aab; Type: INDEX; Schema: public; Owner: postgres
--

CREATE INDEX attendance_chatgroup_members_customuser_id_7ccb9aab ON public.attendance_chatgroup_members USING btree (customuser_id);


--
-- Name: attendance_chatroom_user1_id_66233d33; Type: INDEX; Schema: public; Owner: postgres
--

CREATE INDEX attendance_chatroom_user1_id_66233d33 ON public.attendance_chatroom USING btree (user1_id);


--
-- Name: attendance_chatroom_user2_id_59a7942b; Type: INDEX; Schema: public; Owner: postgres
--

CREATE INDEX attendance_chatroom_user2_id_59a7942b ON public.attendance_chatroom USING btree (user2_id);


--
-- Name: attendance_customuser_groups_customuser_id_62b2d181; Type: INDEX; Schema: public; Owner: postgres
--

CREATE INDEX attendance_customuser_groups_customuser_id_62b2d181 ON public.attendance_customuser_groups USING btree (customuser_id);


--
-- Name: attendance_customuser_groups_group_id_c30506da; Type: INDEX; Schema: public; Owner: postgres
--

CREATE INDEX attendance_customuser_groups_group_id_c30506da ON public.attendance_customuser_groups USING btree (group_id);


--
-- Name: attendance_customuser_user_permissions_customuser_id_45e246af; Type: INDEX; Schema: public; Owner: postgres
--

CREATE INDEX attendance_customuser_user_permissions_customuser_id_45e246af ON public.attendance_customuser_user_permissions USING btree (customuser_id);


--
-- Name: attendance_customuser_user_permissions_permission_id_4514391f; Type: INDEX; Schema: public; Owner: postgres
--

CREATE INDEX attendance_customuser_user_permissions_permission_id_4514391f ON public.attendance_customuser_user_permissions USING btree (permission_id);


--
-- Name: attendance_customuser_username_ea22e11c_like; Type: INDEX; Schema: public; Owner: postgres
--

CREATE INDEX attendance_customuser_username_ea22e11c_like ON public.attendance_customuser USING btree (username varchar_pattern_ops);


--
-- Name: attendance_dailyworkreport_replied_by_id_cbd3550f; Type: INDEX; Schema: public; Owner: postgres
--

CREATE INDEX attendance_dailyworkreport_replied_by_id_cbd3550f ON public.attendance_dailyworkreport USING btree (replied_by_id);


--
-- Name: attendance_dailyworkreport_user_id_a9c9a2f6; Type: INDEX; Schema: public; Owner: postgres
--

CREATE INDEX attendance_dailyworkreport_user_id_a9c9a2f6 ON public.attendance_dailyworkreport USING btree (user_id);


--
-- Name: attendance_employeeprofile_admin_chat_id_d04f7ff4; Type: INDEX; Schema: public; Owner: postgres
--

CREATE INDEX attendance_employeeprofile_admin_chat_id_d04f7ff4 ON public.attendance_employeeprofile USING btree (admin_chat_id);


--
-- Name: attendance_message_group_id_513ec822; Type: INDEX; Schema: public; Owner: postgres
--

CREATE INDEX attendance_message_group_id_513ec822 ON public.attendance_message USING btree (group_id);


--
-- Name: attendance_message_recipient_id_69752a71; Type: INDEX; Schema: public; Owner: postgres
--

CREATE INDEX attendance_message_recipient_id_69752a71 ON public.attendance_message USING btree (recipient_id);


--
-- Name: attendance_message_sender_id_a1a4bd8a; Type: INDEX; Schema: public; Owner: postgres
--

CREATE INDEX attendance_message_sender_id_a1a4bd8a ON public.attendance_message USING btree (sender_id);


--
-- Name: attendance_passwordresettoken_token_3b40af36_like; Type: INDEX; Schema: public; Owner: postgres
--

CREATE INDEX attendance_passwordresettoken_token_3b40af36_like ON public.attendance_passwordresettoken USING btree (token varchar_pattern_ops);


--
-- Name: attendance_passwordresettoken_user_id_830ee43a; Type: INDEX; Schema: public; Owner: postgres
--

CREATE INDEX attendance_passwordresettoken_user_id_830ee43a ON public.attendance_passwordresettoken USING btree (user_id);


--
-- Name: auth_group_name_a6ea08ec_like; Type: INDEX; Schema: public; Owner: postgres
--

CREATE INDEX auth_group_name_a6ea08ec_like ON public.auth_group USING btree (name varchar_pattern_ops);


--
-- Name: auth_group_permissions_group_id_b120cbf9; Type: INDEX; Schema: public; Owner: postgres
--

CREATE INDEX auth_group_permissions_group_id_b120cbf9 ON public.auth_group_permissions USING btree (group_id);


--
-- Name: auth_group_permissions_permission_id_84c5c92e; Type: INDEX; Schema: public; Owner: postgres
--

CREATE INDEX auth_group_permissions_permission_id_84c5c92e ON public.auth_group_permissions USING btree (permission_id);


--
-- Name: auth_permission_content_type_id_2f476e4b; Type: INDEX; Schema: public; Owner: postgres
--

CREATE INDEX auth_permission_content_type_id_2f476e4b ON public.auth_permission USING btree (content_type_id);


--
-- Name: auth_user_groups_group_id_97559544; Type: INDEX; Schema: public; Owner: postgres
--

CREATE INDEX auth_user_groups_group_id_97559544 ON public.auth_user_groups USING btree (group_id);


--
-- Name: auth_user_groups_user_id_6a12ed8b; Type: INDEX; Schema: public; Owner: postgres
--

CREATE INDEX auth_user_groups_user_id_6a12ed8b ON public.auth_user_groups USING btree (user_id);


--
-- Name: auth_user_user_permissions_permission_id_1fbb5f2c; Type: INDEX; Schema: public; Owner: postgres
--

CREATE INDEX auth_user_user_permissions_permission_id_1fbb5f2c ON public.auth_user_user_permissions USING btree (permission_id);


--
-- Name: auth_user_user_permissions_user_id_a95ead1b; Type: INDEX; Schema: public; Owner: postgres
--

CREATE INDEX auth_user_user_permissions_user_id_a95ead1b ON public.auth_user_user_permissions USING btree (user_id);


--
-- Name: auth_user_username_6821ab7c_like; Type: INDEX; Schema: public; Owner: postgres
--

CREATE INDEX auth_user_username_6821ab7c_like ON public.auth_user USING btree (username varchar_pattern_ops);


--
-- Name: django_admin_log_content_type_id_c4bce8eb; Type: INDEX; Schema: public; Owner: postgres
--

CREATE INDEX django_admin_log_content_type_id_c4bce8eb ON public.django_admin_log USING btree (content_type_id);


--
-- Name: django_admin_log_user_id_c564eba6; Type: INDEX; Schema: public; Owner: postgres
--

CREATE INDEX django_admin_log_user_id_c564eba6 ON public.django_admin_log USING btree (user_id);


--
-- Name: django_session_expire_date_a5c62663; Type: INDEX; Schema: public; Owner: postgres
--

CREATE INDEX django_session_expire_date_a5c62663 ON public.django_session USING btree (expire_date);


--
-- Name: django_session_session_key_c0390e0f_like; Type: INDEX; Schema: public; Owner: postgres
--

CREATE INDEX django_session_session_key_c0390e0f_like ON public.django_session USING btree (session_key varchar_pattern_ops);


--
-- Name: attendance_adminreply attendance_adminrepl_report_id_ece55e95_fk_attendanc; Type: FK CONSTRAINT; Schema: public; Owner: postgres
--

ALTER TABLE ONLY public.attendance_adminreply
    ADD CONSTRAINT attendance_adminrepl_report_id_ece55e95_fk_attendanc FOREIGN KEY (report_id) REFERENCES public.attendance_dailyworkreport(id) DEFERRABLE INITIALLY DEFERRED;


--
-- Name: attendance_adminreply attendance_adminreply_admin_id_f118c68f_fk_auth_user_id; Type: FK CONSTRAINT; Schema: public; Owner: postgres
--

ALTER TABLE ONLY public.attendance_adminreply
    ADD CONSTRAINT attendance_adminreply_admin_id_f118c68f_fk_auth_user_id FOREIGN KEY (admin_id) REFERENCES public.auth_user(id) DEFERRABLE INITIALLY DEFERRED;


--
-- Name: attendance_attachment attendance_attachmen_message_id_09c135db_fk_attendanc; Type: FK CONSTRAINT; Schema: public; Owner: postgres
--

ALTER TABLE ONLY public.attendance_attachment
    ADD CONSTRAINT attendance_attachmen_message_id_09c135db_fk_attendanc FOREIGN KEY (message_id) REFERENCES public.attendance_message(id) DEFERRABLE INITIALLY DEFERRED;


--
-- Name: attendance_attendance attendance_attendance_user_id_2bd82a2c_fk_auth_user_id; Type: FK CONSTRAINT; Schema: public; Owner: postgres
--

ALTER TABLE ONLY public.attendance_attendance
    ADD CONSTRAINT attendance_attendance_user_id_2bd82a2c_fk_auth_user_id FOREIGN KEY (user_id) REFERENCES public.auth_user(id) DEFERRABLE INITIALLY DEFERRED;


--
-- Name: attendance_chatgroup_members attendance_chatgroup_chatgroup_id_74fc0bab_fk_attendanc; Type: FK CONSTRAINT; Schema: public; Owner: postgres
--

ALTER TABLE ONLY public.attendance_chatgroup_members
    ADD CONSTRAINT attendance_chatgroup_chatgroup_id_74fc0bab_fk_attendanc FOREIGN KEY (chatgroup_id) REFERENCES public.attendance_chatgroup(id) DEFERRABLE INITIALLY DEFERRED;


--
-- Name: attendance_chatgroup attendance_chatgroup_created_by_id_40e43d0a_fk_attendanc; Type: FK CONSTRAINT; Schema: public; Owner: postgres
--

ALTER TABLE ONLY public.attendance_chatgroup
    ADD CONSTRAINT attendance_chatgroup_created_by_id_40e43d0a_fk_attendanc FOREIGN KEY (created_by_id) REFERENCES public.attendance_customuser(id) DEFERRABLE INITIALLY DEFERRED;


--
-- Name: attendance_chatgroup_members attendance_chatgroup_customuser_id_7ccb9aab_fk_attendanc; Type: FK CONSTRAINT; Schema: public; Owner: postgres
--

ALTER TABLE ONLY public.attendance_chatgroup_members
    ADD CONSTRAINT attendance_chatgroup_customuser_id_7ccb9aab_fk_attendanc FOREIGN KEY (customuser_id) REFERENCES public.attendance_customuser(id) DEFERRABLE INITIALLY DEFERRED;


--
-- Name: attendance_chatroom attendance_chatroom_user1_id_66233d33_fk_auth_user_id; Type: FK CONSTRAINT; Schema: public; Owner: postgres
--

ALTER TABLE ONLY public.attendance_chatroom
    ADD CONSTRAINT attendance_chatroom_user1_id_66233d33_fk_auth_user_id FOREIGN KEY (user1_id) REFERENCES public.auth_user(id) DEFERRABLE INITIALLY DEFERRED;


--
-- Name: attendance_chatroom attendance_chatroom_user2_id_59a7942b_fk_auth_user_id; Type: FK CONSTRAINT; Schema: public; Owner: postgres
--

ALTER TABLE ONLY public.attendance_chatroom
    ADD CONSTRAINT attendance_chatroom_user2_id_59a7942b_fk_auth_user_id FOREIGN KEY (user2_id) REFERENCES public.auth_user(id) DEFERRABLE INITIALLY DEFERRED;


--
-- Name: attendance_customuser_user_permissions attendance_customuse_customuser_id_45e246af_fk_attendanc; Type: FK CONSTRAINT; Schema: public; Owner: postgres
--

ALTER TABLE ONLY public.attendance_customuser_user_permissions
    ADD CONSTRAINT attendance_customuse_customuser_id_45e246af_fk_attendanc FOREIGN KEY (customuser_id) REFERENCES public.attendance_customuser(id) DEFERRABLE INITIALLY DEFERRED;


--
-- Name: attendance_customuser_groups attendance_customuse_customuser_id_62b2d181_fk_attendanc; Type: FK CONSTRAINT; Schema: public; Owner: postgres
--

ALTER TABLE ONLY public.attendance_customuser_groups
    ADD CONSTRAINT attendance_customuse_customuser_id_62b2d181_fk_attendanc FOREIGN KEY (customuser_id) REFERENCES public.attendance_customuser(id) DEFERRABLE INITIALLY DEFERRED;


--
-- Name: attendance_customuser_user_permissions attendance_customuse_permission_id_4514391f_fk_auth_perm; Type: FK CONSTRAINT; Schema: public; Owner: postgres
--

ALTER TABLE ONLY public.attendance_customuser_user_permissions
    ADD CONSTRAINT attendance_customuse_permission_id_4514391f_fk_auth_perm FOREIGN KEY (permission_id) REFERENCES public.auth_permission(id) DEFERRABLE INITIALLY DEFERRED;


--
-- Name: attendance_customuser_groups attendance_customuser_groups_group_id_c30506da_fk_auth_group_id; Type: FK CONSTRAINT; Schema: public; Owner: postgres
--

ALTER TABLE ONLY public.attendance_customuser_groups
    ADD CONSTRAINT attendance_customuser_groups_group_id_c30506da_fk_auth_group_id FOREIGN KEY (group_id) REFERENCES public.auth_group(id) DEFERRABLE INITIALLY DEFERRED;


--
-- Name: attendance_dailyworkreport attendance_dailywork_replied_by_id_cbd3550f_fk_auth_user; Type: FK CONSTRAINT; Schema: public; Owner: postgres
--

ALTER TABLE ONLY public.attendance_dailyworkreport
    ADD CONSTRAINT attendance_dailywork_replied_by_id_cbd3550f_fk_auth_user FOREIGN KEY (replied_by_id) REFERENCES public.auth_user(id) DEFERRABLE INITIALLY DEFERRED;


--
-- Name: attendance_dailyworkreport attendance_dailyworkreport_user_id_a9c9a2f6_fk_auth_user_id; Type: FK CONSTRAINT; Schema: public; Owner: postgres
--

ALTER TABLE ONLY public.attendance_dailyworkreport
    ADD CONSTRAINT attendance_dailyworkreport_user_id_a9c9a2f6_fk_auth_user_id FOREIGN KEY (user_id) REFERENCES public.auth_user(id) DEFERRABLE INITIALLY DEFERRED;


--
-- Name: attendance_employeeprofile attendance_employeep_admin_chat_id_d04f7ff4_fk_attendanc; Type: FK CONSTRAINT; Schema: public; Owner: postgres
--

ALTER TABLE ONLY public.attendance_employeeprofile
    ADD CONSTRAINT attendance_employeep_admin_chat_id_d04f7ff4_fk_attendanc FOREIGN KEY (admin_chat_id) REFERENCES public.attendance_chatgroup(id) DEFERRABLE INITIALLY DEFERRED;


--
-- Name: attendance_employeeprofile attendance_employeep_user_id_afe4e4e3_fk_attendanc; Type: FK CONSTRAINT; Schema: public; Owner: postgres
--

ALTER TABLE ONLY public.attendance_employeeprofile
    ADD CONSTRAINT attendance_employeep_user_id_afe4e4e3_fk_attendanc FOREIGN KEY (user_id) REFERENCES public.attendance_customuser(id) DEFERRABLE INITIALLY DEFERRED;


--
-- Name: attendance_message attendance_message_group_id_513ec822_fk_attendance_chatgroup_id; Type: FK CONSTRAINT; Schema: public; Owner: postgres
--

ALTER TABLE ONLY public.attendance_message
    ADD CONSTRAINT attendance_message_group_id_513ec822_fk_attendance_chatgroup_id FOREIGN KEY (group_id) REFERENCES public.attendance_chatgroup(id) DEFERRABLE INITIALLY DEFERRED;


--
-- Name: attendance_message attendance_message_recipient_id_69752a71_fk_attendanc; Type: FK CONSTRAINT; Schema: public; Owner: postgres
--

ALTER TABLE ONLY public.attendance_message
    ADD CONSTRAINT attendance_message_recipient_id_69752a71_fk_attendanc FOREIGN KEY (recipient_id) REFERENCES public.attendance_customuser(id) DEFERRABLE INITIALLY DEFERRED;


--
-- Name: attendance_message attendance_message_sender_id_a1a4bd8a_fk_attendanc; Type: FK CONSTRAINT; Schema: public; Owner: postgres
--

ALTER TABLE ONLY public.attendance_message
    ADD CONSTRAINT attendance_message_sender_id_a1a4bd8a_fk_attendanc FOREIGN KEY (sender_id) REFERENCES public.attendance_customuser(id) DEFERRABLE INITIALLY DEFERRED;


--
-- Name: attendance_passwordresettoken attendance_passwordresettoken_user_id_830ee43a_fk_auth_user_id; Type: FK CONSTRAINT; Schema: public; Owner: postgres
--

ALTER TABLE ONLY public.attendance_passwordresettoken
    ADD CONSTRAINT attendance_passwordresettoken_user_id_830ee43a_fk_auth_user_id FOREIGN KEY (user_id) REFERENCES public.auth_user(id) DEFERRABLE INITIALLY DEFERRED;


--
-- Name: auth_group_permissions auth_group_permissio_permission_id_84c5c92e_fk_auth_perm; Type: FK CONSTRAINT; Schema: public; Owner: postgres
--

ALTER TABLE ONLY public.auth_group_permissions
    ADD CONSTRAINT auth_group_permissio_permission_id_84c5c92e_fk_auth_perm FOREIGN KEY (permission_id) REFERENCES public.auth_permission(id) DEFERRABLE INITIALLY DEFERRED;


--
-- Name: auth_group_permissions auth_group_permissions_group_id_b120cbf9_fk_auth_group_id; Type: FK CONSTRAINT; Schema: public; Owner: postgres
--

ALTER TABLE ONLY public.auth_group_permissions
    ADD CONSTRAINT auth_group_permissions_group_id_b120cbf9_fk_auth_group_id FOREIGN KEY (group_id) REFERENCES public.auth_group(id) DEFERRABLE INITIALLY DEFERRED;


--
-- Name: auth_permission auth_permission_content_type_id_2f476e4b_fk_django_co; Type: FK CONSTRAINT; Schema: public; Owner: postgres
--

ALTER TABLE ONLY public.auth_permission
    ADD CONSTRAINT auth_permission_content_type_id_2f476e4b_fk_django_co FOREIGN KEY (content_type_id) REFERENCES public.django_content_type(id) DEFERRABLE INITIALLY DEFERRED;


--
-- Name: auth_user_groups auth_user_groups_group_id_97559544_fk_auth_group_id; Type: FK CONSTRAINT; Schema: public; Owner: postgres
--

ALTER TABLE ONLY public.auth_user_groups
    ADD CONSTRAINT auth_user_groups_group_id_97559544_fk_auth_group_id FOREIGN KEY (group_id) REFERENCES public.auth_group(id) DEFERRABLE INITIALLY DEFERRED;


--
-- Name: auth_user_groups auth_user_groups_user_id_6a12ed8b_fk_auth_user_id; Type: FK CONSTRAINT; Schema: public; Owner: postgres
--

ALTER TABLE ONLY public.auth_user_groups
    ADD CONSTRAINT auth_user_groups_user_id_6a12ed8b_fk_auth_user_id FOREIGN KEY (user_id) REFERENCES public.auth_user(id) DEFERRABLE INITIALLY DEFERRED;


--
-- Name: auth_user_user_permissions auth_user_user_permi_permission_id_1fbb5f2c_fk_auth_perm; Type: FK CONSTRAINT; Schema: public; Owner: postgres
--

ALTER TABLE ONLY public.auth_user_user_permissions
    ADD CONSTRAINT auth_user_user_permi_permission_id_1fbb5f2c_fk_auth_perm FOREIGN KEY (permission_id) REFERENCES public.auth_permission(id) DEFERRABLE INITIALLY DEFERRED;


--
-- Name: auth_user_user_permissions auth_user_user_permissions_user_id_a95ead1b_fk_auth_user_id; Type: FK CONSTRAINT; Schema: public; Owner: postgres
--

ALTER TABLE ONLY public.auth_user_user_permissions
    ADD CONSTRAINT auth_user_user_permissions_user_id_a95ead1b_fk_auth_user_id FOREIGN KEY (user_id) REFERENCES public.auth_user(id) DEFERRABLE INITIALLY DEFERRED;


--
-- Name: django_admin_log django_admin_log_content_type_id_c4bce8eb_fk_django_co; Type: FK CONSTRAINT; Schema: public; Owner: postgres
--

ALTER TABLE ONLY public.django_admin_log
    ADD CONSTRAINT django_admin_log_content_type_id_c4bce8eb_fk_django_co FOREIGN KEY (content_type_id) REFERENCES public.django_content_type(id) DEFERRABLE INITIALLY DEFERRED;


--
-- Name: django_admin_log django_admin_log_user_id_c564eba6_fk_auth_user_id; Type: FK CONSTRAINT; Schema: public; Owner: postgres
--

ALTER TABLE ONLY public.django_admin_log
    ADD CONSTRAINT django_admin_log_user_id_c564eba6_fk_auth_user_id FOREIGN KEY (user_id) REFERENCES public.auth_user(id) DEFERRABLE INITIALLY DEFERRED;


--
-- PostgreSQL database dump complete
--

